Date,Open,High,Low,Close,Adj Close,Volume
"Dec 30, 2020","30,415.09","30,525.35","30,393.04","30,409.56","30,409.56","2,918,900"
"Dec 29, 2020","30,492.07","30,588.79","30,274.24","30,335.67","30,335.67","3,576,100"
"Dec 28, 2020","30,283.23","30,525.56","30,283.23","30,403.97","30,403.97","3,024,900"
"Dec 24, 2020","30,155.92","30,209.67","30,099.30","30,199.87","30,199.87","1,455,700"
"Dec 23, 2020","30,046.73","30,292.53","30,046.73","30,129.83","30,129.83","2,740,500"
"Dec 22, 2020","30,200.20","30,200.20","29,992.89","30,015.51","30,015.51","3,888,100"
"Dec 21, 2020","30,159.00","30,304.14","29,755.53","30,216.45","30,216.45","4,374,800"
"Dec 18, 2020","30,314.26","30,343.59","30,029.44","30,179.05","30,179.05","7,820,700"
"Dec 17, 2020","30,216.00","30,323.78","30,216.00","30,303.37","30,303.37","3,455,300"
"Dec 16, 2020","30,191.38","30,236.03","30,080.11","30,154.54","30,154.54","3,445,900"
"Dec 15, 2020","29,919.09","30,243.26","29,894.95","30,199.31","30,199.31","4,177,700"
"Dec 14, 2020","30,123.91","30,325.79","29,849.15","29,861.55","29,861.55","3,719,800"
"Dec 11, 2020","29,988.21","30,071.13","29,820.84","30,046.37","30,046.37","3,938,700"
"Dec 10, 2020","30,032.55","30,063.87","29,876.82","29,999.26","29,999.26","3,255,500"
"Dec 09, 2020","30,229.81","30,319.70","29,951.85","30,068.81","30,068.81","3,805,200"
"Dec 08, 2020","29,997.95","30,246.22","29,972.07","30,173.88","30,173.88","3,111,900"
"Dec 07, 2020","30,233.03","30,233.03","29,967.22","30,069.79","30,069.79","3,658,100"
"Dec 04, 2020","29,989.56","30,218.26","29,989.56","30,218.26","30,218.26","3,565,900"
"Dec 03, 2020","29,920.83","30,110.88","29,877.27","29,969.52","29,969.52","4,056,800"
"Dec 02, 2020","29,695.09","29,902.51","29,599.29","29,883.79","29,883.79","3,852,800"
"Dec 01, 2020","29,797.50","30,083.31","29,797.50","29,823.92","29,823.92","4,295,100"
"Nov 30, 2020","29,854.51","29,854.51","29,463.64","29,638.64","29,638.64","5,513,500"
"Nov 27, 2020","29,911.33","30,015.13","29,819.98","29,910.37","29,910.37","1,770,400"
"Nov 25, 2020","30,058.87","30,058.87","29,806.25","29,872.47","29,872.47","3,230,300"
"Nov 24, 2020","29,746.11","30,116.51","29,746.11","30,046.24","30,046.24","4,327,600"
"Nov 23, 2020","29,332.82","29,667.75","29,332.82","29,591.27","29,591.27","3,872,000"
"Nov 20, 2020","29,437.57","29,469.89","29,231.20","29,263.48","29,263.48","3,053,500"
"Nov 19, 2020","29,370.92","29,524.90","29,228.38","29,483.23","29,483.23","3,313,300"
"Nov 18, 2020","29,875.40","29,930.85","29,432.84","29,438.42","29,438.42","3,828,500"
"Nov 17, 2020","29,800.15","29,872.42","29,520.29","29,783.35","29,783.35","3,723,800"
"Nov 16, 2020","29,672.36","29,964.29","29,672.36","29,950.44","29,950.44","4,182,900"
"Nov 13, 2020","29,203.90","29,559.25","29,203.90","29,479.81","29,479.81","3,488,100"
"Nov 12, 2020","29,231.91","29,311.83","28,902.13","29,080.17","29,080.17","3,693,200"
"Nov 11, 2020","29,524.35","29,593.11","29,281.22","29,397.63","29,397.63","3,767,000"
"Nov 10, 2020","29,254.17","29,478.86","29,126.99","29,420.92","29,420.92","5,269,800"
"Nov 09, 2020","29,467.90","29,933.83","29,130.66","29,157.97","29,157.97","6,733,100"
"Nov 06, 2020","28,399.13","28,431.96","28,189.50","28,323.40","28,323.40","3,267,100"
"Nov 05, 2020","28,083.37","28,495.05","28,083.37","28,390.18","28,390.18","3,901,400"
"Nov 04, 2020","27,512.83","28,301.50","27,512.83","27,847.66","27,847.66","4,478,600"
"Nov 03, 2020","27,138.69","27,640.21","27,138.69","27,480.03","27,480.03","3,509,800"
"Nov 02, 2020","26,691.28","27,043.48","26,691.28","26,925.05","26,925.05","3,799,900"
"Oct 30, 2020","26,572.27","26,639.18","26,143.77","26,501.60","26,501.60","5,048,200"
"Oct 29, 2020","26,480.98","26,891.89","26,290.78","26,659.11","26,659.11","4,197,700"
"Oct 28, 2020","27,102.14","27,102.14","26,497.39","26,519.95","26,519.95","4,961,500"
"Oct 27, 2020","27,651.18","27,707.69","27,457.96","27,463.19","27,463.19","3,664,000"
"Oct 26, 2020","28,185.82","28,185.82","27,370.16","27,685.38","27,685.38","4,041,500"
"Oct 23, 2020","28,409.65","28,436.52","28,149.82","28,335.57","28,335.57","3,473,000"
"Oct 22, 2020","28,197.42","28,421.31","28,040.18","28,363.66","28,363.66","3,303,200"
"Oct 21, 2020","28,270.66","28,450.64","28,196.39","28,210.82","28,210.82","2,994,200"
"Oct 20, 2020","28,245.85","28,575.03","28,243.04","28,308.79","28,308.79","3,502,200"
"Oct 19, 2020","28,633.55","28,711.93","28,139.40","28,195.42","28,195.42","3,587,000"
"Oct 16, 2020","28,570.72","28,842.90","28,570.72","28,606.31","28,606.31","3,561,400"
"Oct 15, 2020","28,323.40","28,535.85","28,181.54","28,494.20","28,494.20","3,289,400"
"Oct 14, 2020","28,731.30","28,792.56","28,461.73","28,514.00","28,514.00","3,708,000"
"Oct 13, 2020","28,764.95","28,808.84","28,604.35","28,679.81","28,679.81","5,261,100"
"Oct 12, 2020","28,671.12","28,957.90","28,659.67","28,837.52","28,837.52","4,936,800"
"Oct 09, 2020","28,533.61","28,676.29","28,440.63","28,586.90","28,586.90","3,240,500"
"Oct 08, 2020","28,348.86","28,459.13","28,265.56","28,425.51","28,425.51","3,147,500"
"Oct 07, 2020","27,971.36","28,369.66","27,971.36","28,303.46","28,303.46","3,287,500"
"Oct 06, 2020","28,214.24","28,354.48","27,728.03","27,772.76","27,772.76","4,350,300"
"Oct 05, 2020","27,825.42","28,162.64","27,825.42","28,148.64","28,148.64","3,182,100"
"Oct 02, 2020","27,536.39","27,861.43","27,382.94","27,682.81","27,682.81","3,927,700"
"Oct 01, 2020","27,940.63","28,041.46","27,669.26","27,816.90","27,816.90","3,734,500"
"Sep 30, 2020","27,514.64","28,026.33","27,511.06","27,781.70","27,781.70","4,525,500"
"Sep 29, 2020","27,560.24","27,605.60","27,338.09","27,452.66","27,452.66","3,038,200"
"Sep 28, 2020","27,362.14","27,722.60","27,362.14","27,584.06","27,584.06","4,018,600"
"Sep 25, 2020","26,694.51","27,239.29","26,635.38","27,173.96","27,173.96","3,889,000"
"Sep 24, 2020","26,716.09","27,094.85","26,537.01","26,815.44","26,815.44","4,478,100"
"Sep 23, 2020","27,413.60","27,464.46","26,716.12","26,763.13","26,763.13","4,594,700"
"Sep 22, 2020","27,170.34","27,333.09","26,989.93","27,288.18","27,288.18","4,207,200"
"Sep 21, 2020","27,484.71","27,484.71","26,715.15","27,147.70","27,147.70","5,236,600"
"Sep 18, 2020","27,864.87","27,946.69","27,487.97","27,657.42","27,657.42","6,987,100"
"Sep 17, 2020","27,834.18","28,056.79","27,647.93","27,901.98","27,901.98","4,372,300"
"Sep 16, 2020","28,031.69","28,364.77","28,021.67","28,032.38","28,032.38","4,166,500"
"Sep 15, 2020","28,139.76","28,231.06","27,931.45","27,995.60","27,995.60","4,145,200"
"Sep 14, 2020","27,718.74","28,086.06","27,718.74","27,993.33","27,993.33","3,807,500"
"Sep 11, 2020","27,613.86","27,828.82","27,448.15","27,665.64","27,665.64","4,353,300"
"Sep 10, 2020","28,022.51","28,174.78","27,447.08","27,534.58","27,534.58","4,428,500"
"Sep 09, 2020","27,711.71","28,206.21","27,704.54","27,940.47","27,940.47","4,605,900"
"Sep 08, 2020","27,925.23","27,925.23","27,464.90","27,500.89","27,500.89","5,808,600"
"Sep 04, 2020","28,341.05","28,539.75","27,664.68","28,133.31","28,133.31","6,946,400"
"Sep 03, 2020","29,090.70","29,199.35","28,074.76","28,292.73","28,292.73","6,500,800"
"Sep 02, 2020","28,736.79","29,162.88","28,713.53","29,100.50","29,100.50","5,395,100"
"Sep 01, 2020","28,439.61","28,659.26","28,290.72","28,645.66","28,645.66","4,234,100"
"Aug 31, 2020","28,643.66","28,643.66","28,363.55","28,430.05","28,430.05","5,173,200"
"Aug 28, 2020","28,601.29","28,733.35","28,487.98","28,653.87","28,653.87","3,697,400"
"Aug 27, 2020","28,384.07","28,634.22","28,363.93","28,492.27","28,492.27","4,043,400"
"Aug 26, 2020","28,257.88","28,353.80","28,153.91","28,331.92","28,331.92","3,270,700"
"Aug 25, 2020","28,347.42","28,400.74","28,094.57","28,248.44","28,248.44","3,384,200"
"Aug 24, 2020","28,077.58","28,314.94","28,041.75","28,308.46","28,308.46","3,838,800"
"Aug 21, 2020","27,758.13","27,959.48","27,686.78","27,930.33","27,930.33","3,727,200"
"Aug 20, 2020","27,622.68","27,781.46","27,526.25","27,739.73","27,739.73","3,045,500"
"Aug 19, 2020","27,811.26","27,920.42","27,647.67","27,692.88","27,692.88","3,114,600"
"Aug 18, 2020","27,853.48","27,891.12","27,668.79","27,778.07","27,778.07","2,761,700"
"Aug 17, 2020","27,970.05","27,999.81","27,816.40","27,844.91","27,844.91","2,868,600"
"Aug 14, 2020","27,828.93","27,977.81","27,759.39","27,931.02","27,931.02","2,755,400"
"Aug 13, 2020","27,922.51","27,986.10","27,789.78","27,896.72","27,896.72","3,601,600"
"Aug 12, 2020","27,860.24","28,043.89","27,843.32","27,976.84","27,976.84","3,402,100"
"Aug 11, 2020","27,961.64","28,154.88","27,624.51","27,686.91","27,686.91","4,282,200"
"Aug 10, 2020","27,488.21","27,803.86","27,488.21","27,791.44","27,791.44","3,603,400"
"Aug 07, 2020","27,321.68","27,456.24","27,223.55","27,433.48","27,433.48","3,211,700"
"Aug 06, 2020","27,170.82","27,394.10","27,145.25","27,386.98","27,386.98","3,224,600"
"Aug 05, 2020","26,924.78","27,221.67","26,924.78","27,201.52","27,201.52","3,660,000"
"Aug 04, 2020","26,664.61","26,832.72","26,597.82","26,828.47","26,828.47","3,463,500"
"Aug 03, 2020","26,542.32","26,707.26","26,534.38","26,664.40","26,664.40","4,393,800"
"Jul 31, 2020","26,409.33","26,440.02","26,013.59","26,428.32","26,428.32","4,880,500"
"Jul 30, 2020","26,367.42","26,374.93","25,992.28","26,313.65","26,313.65","3,515,400"
"Jul 29, 2020","26,388.44","26,602.45","26,375.39","26,539.57","26,539.57","3,475,800"
"Jul 28, 2020","26,529.45","26,556.84","26,361.71","26,379.28","26,379.28","3,610,900"
"Jul 27, 2020","26,447.67","26,625.46","26,426.92","26,584.77","26,584.77","4,009,300"
"Jul 24, 2020","26,533.41","26,625.70","26,402.86","26,469.89","26,469.89","4,941,700"
"Jul 23, 2020","26,955.97","26,973.85","26,560.04","26,652.33","26,652.33","4,198,000"
"Jul 22, 2020","26,824.56","27,035.24","26,794.19","27,005.84","27,005.84","4,043,400"
"Jul 21, 2020","26,833.14","27,025.38","26,766.22","26,840.40","26,840.40","3,649,300"
"Jul 20, 2020","26,660.29","26,765.02","26,504.20","26,680.87","26,680.87","3,093,900"
"Jul 17, 2020","26,774.62","26,808.43","26,619.88","26,671.95","26,671.95","2,964,600"
"Jul 16, 2020","26,746.57","26,879.16","26,590.01","26,734.71","26,734.71","2,873,300"
"Jul 15, 2020","27,009.81","27,071.33","26,692.48","26,870.10","26,870.10","3,849,000"
"Jul 14, 2020","26,044.17","26,690.52","25,994.98","26,642.59","26,642.59","4,016,400"
"Jul 13, 2020","26,225.07","26,639.09","26,044.23","26,085.80","26,085.80","4,253,200"
"Jul 10, 2020","25,690.35","26,101.32","25,637.50","26,075.30","26,075.30","3,381,700"
"Jul 09, 2020","26,094.92","26,103.28","25,523.51","25,706.09","25,706.09","3,876,100"
"Jul 08, 2020","25,950.06","26,109.49","25,816.25","26,067.28","26,067.28","3,373,000"
"Jul 07, 2020","26,172.01","26,174.93","25,866.58","25,890.18","25,890.18","3,468,200"
"Jul 06, 2020","25,996.08","26,297.53","25,996.08","26,287.03","26,287.03","3,406,900"
"Jul 02, 2020","25,936.45","26,204.41","25,778.12","25,827.36","25,827.36","3,491,300"
"Jul 01, 2020","25,879.38","26,019.31","25,713.61","25,734.97","25,734.97","3,731,800"
"Jun 30, 2020","25,512.43","25,905.38","25,475.14","25,812.88","25,812.88","4,107,800"
"Jun 29, 2020","25,152.45","25,601.15","25,096.16","25,595.80","25,595.80","3,780,700"
"Jun 26, 2020","25,641.69","25,641.69","24,971.03","25,015.55","25,015.55","6,408,600"
"Jun 25, 2020","25,365.22","25,769.61","25,209.79","25,745.60","25,745.60","3,845,600"
"Jun 24, 2020","25,992.96","25,992.96","25,296.73","25,445.94","25,445.94","4,501,200"
"Jun 23, 2020","26,159.39","26,314.97","26,105.97","26,156.10","26,156.10","3,899,800"
"Jun 22, 2020","25,865.08","26,059.81","25,667.68","26,024.96","26,024.96","3,517,800"
"Jun 19, 2020","26,213.10","26,451.44","25,759.66","25,871.46","25,871.46","6,693,900"
"Jun 18, 2020","26,016.45","26,154.20","25,848.53","26,080.10","26,080.10","3,283,900"
"Jun 17, 2020","26,330.52","26,400.07","26,068.41","26,119.61","26,119.61","3,288,300"
"Jun 16, 2020","26,326.68","26,611.03","25,811.70","26,289.98","26,289.98","4,895,000"
"Jun 15, 2020","25,270.39","25,891.58","24,843.18","25,763.16","25,763.16","4,612,300"
"Jun 12, 2020","25,659.42","25,965.55","25,078.41","25,605.54","25,605.54","5,144,400"
"Jun 11, 2020","26,282.51","26,294.08","25,082.72","25,128.17","25,128.17","6,477,800"
"Jun 10, 2020","27,251.89","27,355.22","26,938.05","26,989.99","26,989.99","4,489,300"
"Jun 09, 2020","27,447.37","27,447.37","27,151.06","27,272.30","27,272.30","3,814,300"
"Jun 08, 2020","27,232.93","27,580.21","27,232.48","27,572.44","27,572.44","4,302,000"
"Jun 05, 2020","26,836.80","27,338.30","26,836.80","27,110.98","27,110.98","5,423,100"
"Jun 04, 2020","26,226.49","26,384.10","26,082.31","26,281.82","26,281.82","3,721,900"
"Jun 03, 2020","25,906.88","26,337.75","25,906.88","26,269.89","26,269.89","3,987,900"
"Jun 02, 2020","25,582.52","25,743.13","25,523.74","25,742.65","25,742.65","3,526,100"
"Jun 01, 2020","25,342.99","25,508.83","25,220.66","25,475.02","25,475.02","3,383,100"
"May 29, 2020","25,324.15","25,482.80","25,031.67","25,383.11","25,383.11","5,276,200"
"May 28, 2020","25,697.36","25,758.79","25,358.73","25,400.64","25,400.64","3,778,000"
"May 27, 2020","25,298.63","25,551.56","25,009.87","25,548.27","25,548.27","4,112,300"
"May 26, 2020","24,781.84","25,176.42","24,781.84","24,995.11","24,995.11","4,243,800"
"May 22, 2020","24,461.98","24,481.64","24,294.07","24,465.16","24,465.16","2,556,600"
"May 21, 2020","24,564.27","24,718.46","24,370.88","24,474.12","24,474.12","3,467,700"
"May 20, 2020","24,455.94","24,649.48","24,455.94","24,575.90","24,575.90","3,665,100"
"May 19, 2020","24,577.48","24,599.50","24,202.96","24,206.86","24,206.86","3,741,000"
"May 18, 2020","24,059.98","24,708.54","24,059.98","24,597.37","24,597.37","4,841,900"
"May 15, 2020","23,454.83","23,730.08","23,354.15","23,685.42","23,685.42","4,915,100"
"May 14, 2020","23,049.06","23,630.86","22,789.62","23,625.34","23,625.34","4,727,000"
"May 13, 2020","23,702.16","23,708.90","23,067.64","23,247.97","23,247.97","4,699,500"
"May 12, 2020","24,292.84","24,382.09","23,761.58","23,764.78","23,764.78","3,594,800"
"May 11, 2020","24,256.45","24,366.21","24,070.22","24,221.99","24,221.99","3,524,000"
"May 08, 2020","24,107.82","24,349.90","24,107.05","24,331.32","24,331.32","3,357,600"
"May 07, 2020","23,837.21","24,094.62","23,834.39","23,875.89","23,875.89","3,698,900"
"May 06, 2020","23,978.88","24,054.59","23,661.14","23,664.64","23,664.64","3,774,500"
"May 05, 2020","23,958.88","24,169.72","23,868.91","23,883.09","23,883.09","3,697,100"
"May 04, 2020","23,581.55","23,769.56","23,361.16","23,749.76","23,749.76","3,553,600"
"May 01, 2020","24,120.78","24,120.78","23,645.30","23,723.69","23,723.69","4,181,600"
"Apr 30, 2020","24,585.57","24,585.57","24,186.90","24,345.72","24,345.72","4,878,400"
"Apr 29, 2020","24,490.37","24,764.77","24,453.99","24,633.86","24,633.86","4,552,900"
"Apr 28, 2020","24,357.17","24,512.24","24,031.20","24,101.55","24,101.55","4,002,500"
"Apr 27, 2020","23,866.15","24,207.65","23,840.61","24,133.78","24,133.78","3,893,900"
"Apr 24, 2020","23,628.24","23,826.00","23,417.68","23,775.27","23,775.27","3,760,200"
"Apr 23, 2020","23,543.09","23,885.36","23,483.35","23,515.26","23,515.26","3,892,900"
"Apr 22, 2020","23,437.34","23,613.10","23,339.60","23,475.82","23,475.82","3,528,800"
"Apr 21, 2020","23,365.25","23,365.25","22,941.88","23,018.88","23,018.88","4,851,400"
"Apr 20, 2020","24,095.10","24,108.69","23,627.19","23,650.44","23,650.44","4,234,100"
"Apr 17, 2020","23,817.15","24,264.21","23,817.15","24,242.49","24,242.49","5,259,500"
"Apr 16, 2020","23,543.66","23,598.08","23,211.38","23,537.68","23,537.68","4,710,500"
"Apr 15, 2020","23,600.72","23,649.72","23,233.32","23,504.35","23,504.35","4,376,300"
"Apr 14, 2020","23,690.57","24,040.58","23,683.44","23,949.76","23,949.76","4,859,100"
"Apr 13, 2020","23,698.93","23,698.93","23,095.35","23,390.77","23,390.77","3,943,200"
"Apr 09, 2020","23,690.66","24,008.99","23,504.09","23,719.37","23,719.37","5,664,000"
"Apr 08, 2020","22,893.47","23,513.40","22,682.99","23,433.57","23,433.57","4,727,400"
"Apr 07, 2020","23,537.44","23,617.24","22,634.45","22,653.86","22,653.86","5,946,600"
"Apr 06, 2020","21,693.63","22,783.45","21,693.63","22,679.99","22,679.99","6,107,600"
"Apr 03, 2020","21,285.93","21,447.81","20,863.09","21,052.53","21,052.53","4,500,100"
"Apr 02, 2020","20,819.46","21,477.77","20,735.02","21,413.44","21,413.44","5,295,400"
"Apr 01, 2020","21,227.38","21,487.24","20,784.43","20,943.51","20,943.51","5,066,800"
"Mar 31, 2020","22,208.42","22,480.37","21,852.08","21,917.16","21,917.16","5,712,100"
"Mar 30, 2020","21,678.22","22,378.09","21,522.08","22,327.48","22,327.48","5,455,400"
"Mar 27, 2020","21,898.47","22,327.57","21,469.27","21,636.78","21,636.78","5,888,300"
"Mar 26, 2020","21,468.38","22,595.06","21,427.10","22,552.17","22,552.17","7,051,800"
"Mar 25, 2020","21,050.34","22,019.93","20,538.34","21,200.55","21,200.55","7,963,200"
"Mar 24, 2020","19,722.19","20,737.70","19,649.25","20,704.91","20,704.91","7,993,400"
"Mar 23, 2020","19,028.36","19,121.01","18,213.65","18,591.93","18,591.93","7,879,700"
"Mar 20, 2020","20,253.15","20,531.26","19,094.27","19,173.98","19,173.98","8,722,900"
"Mar 19, 2020","19,830.01","20,442.63","19,177.13","20,087.19","20,087.19","7,803,000"
"Mar 18, 2020","20,188.69","20,489.33","18,917.46","19,898.92","19,898.92","8,713,600"
"Mar 17, 2020","20,487.05","21,379.35","19,882.26","21,237.38","21,237.38","7,930,600"
"Mar 16, 2020","20,917.53","21,768.28","20,116.46","20,188.52","20,188.52","7,701,300"
"Mar 13, 2020","21,973.82","23,189.76","21,285.37","23,185.62","23,185.62","8,430,800"
"Mar 12, 2020","22,184.71","22,837.95","21,154.46","21,200.62","21,200.62","9,082,600"
"Mar 11, 2020","24,604.63","24,604.63","23,328.32","23,553.22","23,553.22","6,639,600"
"Mar 10, 2020","24,453.00","25,020.99","23,690.34","25,018.16","25,018.16","6,548,600"
"Mar 09, 2020","24,992.36","24,992.36","23,706.07","23,851.02","23,851.02","7,504,300"
"Mar 06, 2020","25,457.21","25,994.38","25,226.62","25,864.78","25,864.78","5,997,800"
"Mar 05, 2020","26,671.92","26,671.92","25,943.33","26,121.28","26,121.28","4,773,700"
"Mar 04, 2020","26,383.68","27,102.34","26,286.31","27,090.86","27,090.86","4,575,900"
"Mar 03, 2020","26,762.47","27,084.59","25,706.28","25,917.41","25,917.41","6,470,800"
"Mar 02, 2020","25,590.51","26,706.17","25,391.96","26,703.32","26,703.32","6,372,000"
"Feb 28, 2020","25,270.83","25,494.24","24,681.01","25,409.36","25,409.36","9,159,900"
"Feb 27, 2020","26,526.00","26,775.31","25,752.82","25,766.64","25,766.64","6,649,800"
"Feb 26, 2020","27,159.46","27,542.78","26,890.97","26,957.59","26,957.59","4,724,500"
"Feb 25, 2020","28,037.65","28,149.20","26,997.62","27,081.36","27,081.36","5,132,700"
"Feb 24, 2020","28,402.93","28,402.93","27,912.44","27,960.80","27,960.80","4,525,800"
"Feb 21, 2020","29,146.53","29,146.53","28,892.70","28,992.41","28,992.41","3,112,100"
"Feb 20, 2020","29,296.25","29,368.45","28,959.65","29,219.98","29,219.98","2,877,800"
"Feb 19, 2020","29,312.70","29,409.09","29,274.38","29,348.03","29,348.03","2,406,400"
"Feb 18, 2020","29,282.78","29,330.16","29,116.81","29,232.19","29,232.19","2,566,000"
"Feb 14, 2020","29,440.47","29,463.04","29,283.18","29,398.08","29,398.08","2,310,000"
"Feb 13, 2020","29,436.03","29,535.40","29,345.93","29,423.31","29,423.31","2,911,500"
"Feb 12, 2020","29,406.75","29,568.57","29,406.75","29,551.42","29,551.42","3,095,300"
"Feb 11, 2020","29,390.71","29,415.39","29,210.47","29,276.34","29,276.34","2,795,400"
"Feb 10, 2020","28,995.66","29,278.07","28,995.66","29,276.82","29,276.82","2,505,100"
"Feb 07, 2020","29,286.92","29,286.92","29,056.98","29,102.51","29,102.51","2,528,600"
"Feb 06, 2020","29,388.58","29,408.05","29,246.93","29,379.77","29,379.77","2,637,000"
"Feb 05, 2020","29,048.73","29,308.89","29,000.85","29,290.85","29,290.85","3,575,400"
"Feb 04, 2020","28,696.74","28,904.88","28,696.74","28,807.63","28,807.63","3,327,500"
"Feb 03, 2020","28,319.65","28,630.39","28,319.65","28,399.81","28,399.81","3,079,100"
"Jan 31, 2020","28,813.04","28,813.04","28,169.53","28,256.03","28,256.03","4,038,900"
"Jan 30, 2020","28,640.16","28,879.71","28,489.76","28,859.44","28,859.44","3,268,500"
"Jan 29, 2020","28,820.53","28,944.24","28,728.19","28,734.45","28,734.45","3,022,900"
"Jan 28, 2020","28,594.28","28,823.23","28,575.75","28,722.85","28,722.85","3,301,400"
"Jan 27, 2020","28,542.49","28,671.79","28,440.47","28,535.80","28,535.80","3,372,700"
"Jan 24, 2020","29,230.39","29,288.79","28,843.31","28,989.73","28,989.73","3,800,100"
"Jan 23, 2020","29,111.02","29,190.47","28,966.98","29,160.09","29,160.09","3,070,600"
"Jan 22, 2020","29,263.63","29,320.20","29,172.26","29,186.27","29,186.27","2,834,400"
"Jan 21, 2020","29,269.05","29,341.21","29,146.47","29,196.04","29,196.04","3,206,400"
"Jan 17, 2020","29,313.31","29,373.62","29,289.91","29,348.10","29,348.10","3,218,200"
"Jan 16, 2020","29,131.95","29,300.32","29,131.95","29,297.64","29,297.64","2,521,100"
"Jan 15, 2020","28,901.80","29,127.59","28,897.35","29,030.22","29,030.22","2,602,700"
"Jan 14, 2020","28,895.50","29,054.16","28,872.27","28,939.67","28,939.67","2,874,400"
"Jan 13, 2020","28,869.01","28,909.91","28,819.43","28,907.05","28,907.05","2,498,300"
"Jan 10, 2020","28,977.52","29,009.07","28,789.10","28,823.77","28,823.77","2,378,300"
"Jan 09, 2020","28,851.97","28,988.01","28,844.31","28,956.90","28,956.90","2,750,600"
"Jan 08, 2020","28,556.14","28,866.18","28,522.51","28,745.09","28,745.09","2,917,500"
"Jan 07, 2020","28,639.18","28,685.50","28,565.28","28,583.68","28,583.68","2,589,000"
"Jan 06, 2020","28,465.50","28,708.02","28,418.63","28,703.38","28,703.38","2,527,600"
"Jan 03, 2020","28,553.33","28,716.31","28,500.36","28,634.88","28,634.88","2,395,900"
"Jan 02, 2020","28,638.97","28,872.80","28,627.77","28,868.80","28,868.80","2,518,200"
"Dec 31, 2008","8,666.48","8,842.66","8,664.89","8,776.39","8,776.39","2,267,600"
"Dec 30, 2008","8,487.51","8,675.24","8,487.51","8,668.39","8,668.39","1,625,600"
"Dec 29, 2008","8,515.87","8,530.68","8,364.06","8,483.93","8,483.93","1,537,300"
"Dec 26, 2008","8,468.71","8,533.07","8,461.78","8,515.55","8,515.55","867,600"
"Dec 24, 2008","8,416.86","8,498.50","8,416.86","8,468.48","8,468.48","669,300"
"Dec 23, 2008","8,518.65","8,604.12","8,391.30","8,419.49","8,419.49","1,746,400"
"Dec 22, 2008","8,573.37","8,601.41","8,372.02","8,519.69","8,519.69","2,110,900"
"Dec 19, 2008","8,606.50","8,787.23","8,550.43","8,579.11","8,579.11","5,501,500"
"Dec 18, 2008","8,823.94","8,883.36","8,527.41","8,604.99","8,604.99","2,740,800"
"Dec 17, 2008","8,921.91","8,961.26","8,778.07","8,824.34","8,824.34","2,392,600"
"Dec 16, 2008","8,565.65","8,958.79","8,565.65","8,924.14","8,924.14","3,371,900"
"Dec 15, 2008","8,628.81","8,676.28","8,469.03","8,564.53","8,564.53","2,299,400"
"Dec 12, 2008","8,563.10","8,682.57","8,347.81","8,629.68","8,629.68","2,710,300"
"Dec 11, 2008","8,750.13","8,809.45","8,512.76","8,565.09","8,565.09","2,905,400"
"Dec 10, 2008","8,693.00","8,879.22","8,646.33","8,761.42","8,761.42","2,328,300"
"Dec 09, 2008","8,934.10","8,934.10","8,651.74","8,691.33","8,691.33","2,849,500"
"Dec 08, 2008","8,637.65","9,026.41","8,637.49","8,934.18","8,934.18","3,589,700"
"Dec 05, 2008","8,376.08","8,686.47","8,118.50","8,635.42","8,635.42","3,463,700"
"Dec 04, 2008","8,587.07","8,631.99","8,259.40","8,376.24","8,376.24","2,808,800"
"Dec 03, 2008","8,409.14","8,624.19","8,234.15","8,591.69","8,591.69","2,946,800"
"Dec 02, 2008","8,153.75","8,437.17","8,143.51","8,419.09","8,419.09","3,075,200"
"Dec 01, 2008","8,826.89","8,827.05","8,141.36","8,149.09","8,149.09","3,210,100"
"Nov 28, 2008","8,724.70","8,831.35","8,672.69","8,829.04","8,829.04","1,555,100"
"Nov 26, 2008","8,464.49","8,726.61","8,311.17","8,726.61","8,726.61","2,839,200"
"Nov 25, 2008","8,445.14","8,607.38","8,281.46","8,479.47","8,479.47","3,740,200"
"Nov 24, 2008","8,048.09","8,599.02","8,048.09","8,443.39","8,443.39","4,918,900"
"Nov 21, 2008","7,552.37","8,071.75","7,449.38","8,046.42","8,046.42","5,690,100"
"Nov 20, 2008","7,995.53","8,187.40","7,506.97","7,552.29","7,552.29","5,281,300"
"Nov 19, 2008","8,420.69","8,504.64","7,987.08","7,997.28","7,997.28","3,504,700"
"Nov 18, 2008","8,273.34","8,477.95","8,105.44","8,424.75","8,424.75","3,663,900"
"Nov 17, 2008","8,494.84","8,571.30","8,246.89","8,273.58","8,273.58","2,782,200"
"Nov 14, 2008","8,822.19","8,923.18","8,469.99","8,497.31","8,497.31","3,043,700"
"Nov 13, 2008","8,281.14","8,876.59","7,965.42","8,835.25","8,835.25","4,766,000"
"Nov 12, 2008","8,684.52","8,684.60","8,265.29","8,282.66","8,282.66","3,146,600"
"Nov 11, 2008","8,864.32","8,867.91","8,560.71","8,693.96","8,693.96","2,572,700"
"Nov 10, 2008","8,946.60","9,159.58","8,760.46","8,870.54","8,870.54","2,212,300"
"Nov 07, 2008","8,696.03","8,961.57","8,696.03","8,943.81","8,943.81","2,463,000"
"Nov 06, 2008","9,134.01","9,155.44","8,637.17","8,695.79","8,695.79","3,443,500"
"Nov 05, 2008","9,616.60","9,616.60","9,111.47","9,139.27","9,139.27","2,646,400"
"Nov 04, 2008","9,323.89","9,653.95","9,323.89","9,625.28","9,625.28","2,549,300"
"Nov 03, 2008","9,326.04","9,410.55","9,255.48","9,319.83","9,319.83","1,809,700"
"Oct 31, 2008","9,179.09","9,454.36","9,119.20","9,325.01","9,325.01","3,109,500"
"Oct 30, 2008","9,004.66","9,266.47","8,976.87","9,180.69","9,180.69","2,672,100"
"Oct 29, 2008","9,062.33","9,363.32","8,890.29","8,990.96","8,990.96","3,162,300"
"Oct 28, 2008","8,178.72","9,082.08","8,174.73","9,065.12","9,065.12","3,721,600"
"Oct 27, 2008","8,375.92","8,599.10","8,143.59","8,175.77","8,175.77","2,811,800"
"Oct 24, 2008","8,683.21","8,683.21","8,187.48","8,378.95","8,378.95","3,356,800"
"Oct 23, 2008","8,519.77","8,795.99","8,243.55","8,691.25","8,691.25","3,407,400"
"Oct 22, 2008","9,027.84","9,027.84","8,335.30","8,519.21","8,519.21","3,488,400"
"Oct 21, 2008","9,262.80","9,284.55","9,004.27","9,033.66","9,033.66","2,311,600"
"Oct 20, 2008","8,852.30","9,266.63","8,852.22","9,265.43","9,265.43","2,414,000"
"Oct 17, 2008","8,975.35","9,281.12","8,718.25","8,852.22","8,852.22","3,606,000"
"Oct 16, 2008","8,577.04","9,013.27","8,197.67","8,979.26","8,979.26","4,224,500"
"Oct 15, 2008","9,301.91","9,308.76","8,530.12","8,577.91","8,577.91","3,743,500"
"Oct 14, 2008","9,388.97","9,794.37","9,085.43","9,310.99","9,310.99","4,127,400"
"Oct 13, 2008","8,462.42","9,427.99","8,462.18","9,387.61","9,387.61","3,992,900"
"Oct 10, 2008","8,568.67","8,901.28","7,882.51","8,451.19","8,451.19","6,749,200"
"Oct 09, 2008","9,261.69","9,448.14","8,579.19","8,579.19","8,579.19","4,367,400"
"Oct 08, 2008","9,437.23","9,628.07","9,194.78","9,258.10","9,258.10","4,792,700"
"Oct 07, 2008","9,955.42","10,124.03","9,436.67","9,447.11","9,447.11","3,625,200"
"Oct 06, 2008","10,322.52","10,322.76","9,525.32","9,955.50","9,955.50","3,914,600"
"Oct 03, 2008","10,483.96","10,796.26","10,310.25","10,325.38","10,325.38","2,996,900"
"Oct 02, 2008","10,825.54","10,825.54","10,439.52","10,482.85","10,482.85","3,953,300"
"Oct 01, 2008","10,847.40","10,882.52","10,631.95","10,831.07","10,831.07","2,566,700"
"Sep 30, 2008","10,371.58","10,868.90","10,371.42","10,850.66","10,850.66","3,197,700"
"Sep 29, 2008","11,139.62","11,139.94","10,365.45","10,365.45","10,365.45","3,859,400"
"Sep 26, 2008","11,019.04","11,168.06","10,868.82","11,143.13","11,143.13","2,325,600"
"Sep 25, 2008","10,827.17","11,129.19","10,827.01","11,022.06","11,022.06","2,185,300"
"Sep 24, 2008","10,850.02","10,928.40","10,753.57","10,825.17","10,825.17","1,836,300"
"Sep 23, 2008","11,015.69","11,143.21","10,833.94","10,854.17","10,854.17","2,044,800"
"Sep 22, 2008","11,394.42","11,394.58","10,992.20","11,015.69","11,015.69","2,132,100"
"Sep 19, 2008","11,027.51","11,483.05","11,026.70","11,388.44","11,388.44","6,551,100"
"Sep 18, 2008","10,609.01","11,076.44","10,459.44","11,019.69","11,019.69","4,880,600"
"Sep 17, 2008","11,056.58","11,057.31","10,595.90","10,609.66","10,609.66","4,632,000"
"Sep 16, 2008","10,905.62","11,093.22","10,742.70","11,059.02","11,059.02","4,947,600"
"Sep 15, 2008","11,416.37","11,416.45","10,917.51","10,917.51","10,917.51","4,329,700"
"Sep 12, 2008","11,429.32","11,459.93","11,280.40","11,421.99","11,421.99","2,388,900"
"Sep 11, 2008","11,264.44","11,445.68","11,098.67","11,433.71","11,433.71","2,478,200"
"Sep 10, 2008","11,233.91","11,380.63","11,215.26","11,268.92","11,268.92","2,142,600"
"Sep 09, 2008","11,514.73","11,577.50","11,230.73","11,230.73","11,230.73","2,573,000"
"Sep 08, 2008","11,224.87","11,570.66","11,224.79","11,510.74","11,510.74","2,730,000"
"Sep 05, 2008","11,185.63","11,245.15","11,037.85","11,220.96","11,220.96","1,983,000"
"Sep 04, 2008","11,532.48","11,532.48","11,176.02","11,188.23","11,188.23","2,292,000"
"Sep 03, 2008","11,506.01","11,554.38","11,416.53","11,532.88","11,532.88","1,742,500"
"Sep 02, 2008","11,545.63","11,790.17","11,471.90","11,516.92","11,516.92","1,770,900"
"Aug 29, 2008","11,713.23","11,713.23","11,543.39","11,543.96","11,543.96","1,669,100"
"Aug 28, 2008","11,499.87","11,715.18","11,499.79","11,715.18","11,715.18","1,491,500"
"Aug 27, 2008","11,412.46","11,554.46","11,381.77","11,502.51","11,502.51","1,205,800"
"Aug 26, 2008","11,383.56","11,436.24","11,340.41","11,412.87","11,412.87","1,198,000"
"Aug 25, 2008","11,626.19","11,626.27","11,362.63","11,386.25","11,386.25","1,486,100"
"Aug 22, 2008","11,426.79","11,632.13","11,426.79","11,628.06","11,628.06","1,387,900"
"Aug 21, 2008","11,415.23","11,476.21","11,315.57","11,430.21","11,430.21","1,300,200"
"Aug 20, 2008","11,345.94","11,454.15","11,290.58","11,417.43","11,417.43","1,448,800"
"Aug 19, 2008","11,478.09","11,478.17","11,318.50","11,348.55","11,348.55","1,715,800"
"Aug 18, 2008","11,659.65","11,690.43","11,434.12","11,479.39","11,479.39","1,562,900"
"Aug 15, 2008","11,611.21","11,709.89","11,599.73","11,659.90","11,659.90","2,150,400"
"Aug 14, 2008","11,532.07","11,718.28","11,450.89","11,615.93","11,615.93","1,597,900"
"Aug 13, 2008","11,632.81","11,633.78","11,453.34","11,532.96","11,532.96","1,825,500"
"Aug 12, 2008","11,781.70","11,782.35","11,601.52","11,642.47","11,642.47","1,735,900"
"Aug 11, 2008","11,729.67","11,867.11","11,675.53","11,782.35","11,782.35","1,831,900"
"Aug 08, 2008","11,432.09","11,759.96","11,388.04","11,734.32","11,734.32","2,128,300"
"Aug 07, 2008","11,655.42","11,655.58","11,416.70","11,431.43","11,431.43","2,296,100"
"Aug 06, 2008","11,603.64","11,685.46","11,521.32","11,656.07","11,656.07","1,800,600"
"Aug 05, 2008","11,286.02","11,615.93","11,286.02","11,615.77","11,615.77","2,349,900"
"Aug 04, 2008","11,326.32","11,382.17","11,221.53","11,284.15","11,284.15","1,702,500"
"Aug 01, 2008","11,379.89","11,425.73","11,267.05","11,326.32","11,326.32","1,897,000"
"Jul 31, 2008","11,577.99","11,578.89","11,363.69","11,378.02","11,378.02","2,202,000"
"Jul 30, 2008","11,397.56","11,586.62","11,397.56","11,583.69","11,583.69","2,085,200"
"Jul 29, 2008","11,133.44","11,398.38","11,128.06","11,397.56","11,397.56","2,069,300"
"Jul 28, 2008","11,369.47","11,369.55","11,125.13","11,131.08","11,131.08","1,975,500"
"Jul 25, 2008","11,341.14","11,443.81","11,325.10","11,370.69","11,370.69","1,909,200"
"Jul 24, 2008","11,630.34","11,634.49","11,345.37","11,349.28","11,349.28","2,411,400"
"Jul 23, 2008","11,603.39","11,698.17","11,558.29","11,632.38","11,632.38","2,645,200"
"Jul 22, 2008","11,457.90","11,616.66","11,387.39","11,602.50","11,602.50","2,736,900"
"Jul 21, 2008","11,495.02","11,559.67","11,423.94","11,467.34","11,467.34","2,128,500"
"Jul 18, 2008","11,436.56","11,510.82","11,381.93","11,496.57","11,496.57","3,786,100"
"Jul 17, 2008","11,238.39","11,446.66","11,209.56","11,446.66","11,446.66","3,352,600"
"Jul 16, 2008","10,961.89","11,244.17","10,918.33","11,239.28","11,239.28","3,075,900"
"Jul 15, 2008","11,050.80","11,123.67","10,827.71","10,962.54","10,962.54","3,313,900"
"Jul 14, 2008","11,103.64","11,239.04","11,003.65","11,055.19","11,055.19","2,053,600"
"Jul 11, 2008","11,226.17","11,241.07","10,977.68","11,100.54","11,100.54","2,750,100"
"Jul 10, 2008","11,148.01","11,270.30","11,086.95","11,229.02","11,229.02","2,480,100"
"Jul 09, 2008","11,381.93","11,418.24","11,141.99","11,147.44","11,147.44","2,271,000"
"Jul 08, 2008","11,225.03","11,391.13","11,174.88","11,384.21","11,384.21","2,715,000"
"Jul 07, 2008","11,289.19","11,399.11","11,120.74","11,231.96","11,231.96","2,482,400"
"Jul 03, 2008","11,216.00","11,337.48","11,157.21","11,288.54","11,288.54","1,769,100"
"Jul 02, 2008","11,382.34","11,434.12","11,214.37","11,215.51","11,215.51","2,306,900"
"Jul 01, 2008","11,344.64","11,407.90","11,183.43","11,382.26","11,382.26","2,995,900"
"Jun 30, 2008","11,345.70","11,437.30","11,287.56","11,350.01","11,350.01","2,822,100"
"Jun 27, 2008","11,452.85","11,485.25","11,297.99","11,346.51","11,346.51","3,382,500"
"Jun 26, 2008","11,808.57","11,808.73","11,453.42","11,453.42","11,453.42","3,025,500"
"Jun 25, 2008","11,805.31","11,924.19","11,789.36","11,811.83","11,811.83","2,361,600"
"Jun 24, 2008","11,842.36","11,904.32","11,725.52","11,807.43","11,807.43","2,252,700"
"Jun 23, 2008","11,843.83","11,986.96","11,731.06","11,842.36","11,842.36","1,828,700"
"Jun 20, 2008","12,062.19","12,062.19","11,818.83","11,842.69","11,842.69","4,297,000"
"Jun 19, 2008","12,029.06","12,114.79","11,978.33","12,063.09","12,063.09","2,309,200"
"Jun 18, 2008","12,158.68","12,158.68","11,993.64","12,029.06","12,029.06","2,129,000"
"Jun 17, 2008","12,269.65","12,322.82","12,150.29","12,160.30","12,160.30","1,746,900"
"Jun 16, 2008","12,306.86","12,319.72","12,212.25","12,269.08","12,269.08","2,221,400"
"Jun 13, 2008","12,144.59","12,310.28","12,144.59","12,307.35","12,307.35","2,479,800"
"Jun 12, 2008","12,089.63","12,269.24","12,076.93","12,141.58","12,141.58","2,609,600"
"Jun 11, 2008","12,286.34","12,286.67","12,079.13","12,083.77","12,083.77","2,471,200"
"Jun 10, 2008","12,277.71","12,369.23","12,206.96","12,289.76","12,289.76","2,407,600"
"Jun 09, 2008","12,210.13","12,331.86","12,195.32","12,280.32","12,280.32","2,663,500"
"Jun 06, 2008","12,602.74","12,603.07","12,192.06","12,209.81","12,209.81","3,078,200"
"Jun 05, 2008","12,388.81","12,610.96","12,388.81","12,604.45","12,604.45","2,361,600"
"Jun 04, 2008","12,391.86","12,496.16","12,338.78","12,390.48","12,390.48","2,385,900"
"Jun 03, 2008","12,503.20","12,554.05","12,342.12","12,402.85","12,402.85","2,274,600"
"Jun 02, 2008","12,637.67","12,638.08","12,427.77","12,503.82","12,503.82","1,990,900"
"May 30, 2008","12,647.36","12,689.70","12,617.40","12,638.32","12,638.32","2,102,300"
"May 29, 2008","12,593.87","12,726.66","12,554.70","12,646.22","12,646.22","2,064,200"
"May 28, 2008","12,542.90","12,601.93","12,495.27","12,594.03","12,594.03","2,136,800"
"May 27, 2008","12,479.63","12,572.53","12,442.59","12,548.35","12,548.35","2,015,300"
"May 23, 2008","12,620.90","12,621.96","12,460.09","12,479.63","12,479.63","1,902,100"
"May 22, 2008","12,597.69","12,669.34","12,591.34","12,625.62","12,625.62","2,163,600"
"May 21, 2008","12,824.94","12,862.47","12,573.67","12,601.19","12,601.19","2,658,100"
"May 20, 2008","13,026.04","13,026.04","12,781.78","12,828.68","12,828.68","2,652,200"
"May 19, 2008","12,985.41","13,136.69","12,963.76","13,028.16","13,028.16","1,937,700"
"May 16, 2008","12,992.74","13,001.94","12,893.49","12,986.80","12,986.80","2,492,600"
"May 15, 2008","12,891.29","12,999.50","12,854.98","12,992.66","12,992.66","2,177,800"
"May 14, 2008","12,825.12","12,993.15","12,825.12","12,898.38","12,898.38","2,068,200"
"May 13, 2008","12,872.08","12,891.37","12,780.97","12,832.18","12,832.18","2,367,100"
"May 12, 2008","12,745.55","12,904.16","12,740.50","12,876.31","12,876.31","1,981,100"
"May 09, 2008","12,860.68","12,861.41","12,715.02","12,745.88","12,745.88","1,802,400"
"May 08, 2008","12,814.35","12,909.86","12,794.81","12,866.78","12,866.78","1,955,700"
"May 07, 2008","13,010.82","13,036.71","12,796.19","12,814.35","12,814.35","2,350,000"
"May 06, 2008","12,968.89","13,046.15","12,863.20","13,020.83","13,020.83","1,993,700"
"May 05, 2008","13,056.57","13,058.45","12,939.74","12,969.54","12,969.54","1,978,100"
"May 02, 2008","13,012.53","13,132.46","12,981.83","13,058.20","13,058.20","2,054,100"
"May 01, 2008","12,818.34","13,029.05","12,793.10","13,010.00","13,010.00","2,454,800"
"Apr 30, 2008","12,831.45","13,010.00","12,808.98","12,820.13","12,820.13","2,550,700"
"Apr 29, 2008","12,870.37","12,889.83","12,804.66","12,831.94","12,831.94","2,180,200"
"Apr 28, 2008","12,890.76","12,938.76","12,857.50","12,871.75","12,871.75","2,223,000"
"Apr 25, 2008","12,848.38","12,909.20","12,742.78","12,891.86","12,891.86","2,407,600"
"Apr 24, 2008","12,764.68","12,942.26","12,706.63","12,848.95","12,848.95","2,499,200"
"Apr 23, 2008","12,721.45","12,837.39","12,703.05","12,763.22","12,763.22","2,441,200"
"Apr 22, 2008","12,825.02","12,825.26","12,656.56","12,720.23","12,720.23","2,149,500"
"Apr 21, 2008","12,850.91","12,850.91","12,751.17","12,825.02","12,825.02","1,924,000"
"Apr 18, 2008","12,626.76","12,893.98","12,626.76","12,849.36","12,849.36","3,040,300"
"Apr 17, 2008","12,617.40","12,656.56","12,563.25","12,620.49","12,620.49","2,170,000"
"Apr 16, 2008","12,371.51","12,625.78","12,371.51","12,619.27","12,619.27","2,694,900"
"Apr 15, 2008","12,302.06","12,387.79","12,269.81","12,362.47","12,362.47","2,089,500"
"Apr 14, 2008","12,324.77","12,367.60","12,280.40","12,302.06","12,302.06","2,160,100"
"Apr 11, 2008","12,579.78","12,580.27","12,302.06","12,325.42","12,325.42","2,868,500"
"Apr 10, 2008","12,526.78","12,649.31","12,497.22","12,581.98","12,581.98","2,273,300"
"Apr 09, 2008","12,574.65","12,621.55","12,468.97","12,527.26","12,527.26","1,949,500"
"Apr 08, 2008","12,602.66","12,607.30","12,525.80","12,576.44","12,576.44","1,972,000"
"Apr 07, 2008","12,612.59","12,733.66","12,583.28","12,612.43","12,612.43","1,980,700"
"Apr 04, 2008","12,626.03","12,688.48","12,528.16","12,609.42","12,609.42","1,812,600"
"Apr 03, 2008","12,605.83","12,675.12","12,527.75","12,626.03","12,626.03","1,838,700"
"Apr 02, 2008","12,651.67","12,696.29","12,555.17","12,608.92","12,608.92","2,327,600"
"Apr 01, 2008","12,266.64","12,659.82","12,266.47","12,654.36","12,654.36","2,955,300"
"Mar 31, 2008","12,215.92","12,326.47","12,176.11","12,262.89","12,262.89","2,736,100"
"Mar 28, 2008","12,303.92","12,382.16","12,196.87","12,216.40","12,216.40","2,090,000"
"Mar 27, 2008","12,421.88","12,476.76","12,293.34","12,302.46","12,302.46","2,353,900"
"Mar 26, 2008","12,531.79","12,531.95","12,376.70","12,422.86","12,422.86","2,350,200"
"Mar 25, 2008","12,547.34","12,571.84","12,449.08","12,532.60","12,532.60","2,376,500"
"Mar 24, 2008","12,361.97","12,622.07","12,361.97","12,548.64","12,548.64","2,643,200"
"Mar 20, 2008","12,102.43","12,378.74","12,097.87","12,361.32","12,361.32","5,026,500"
"Mar 19, 2008","12,391.52","12,461.53","12,095.10","12,099.66","12,099.66","3,284,600"
"Mar 18, 2008","11,975.92","12,392.66","11,975.84","12,392.66","12,392.66","3,677,800"
"Mar 17, 2008","11,946.45","12,076.22","11,756.60","11,972.25","11,972.25","3,828,900"
"Mar 14, 2008","12,146.39","12,193.61","11,832.72","11,951.09","11,951.09","3,808,100"
"Mar 13, 2008","12,096.49","12,215.35","11,875.78","12,145.74","12,145.74","3,362,600"
"Mar 12, 2008","12,148.61","12,303.35","12,092.25","12,110.24","12,110.24","2,881,300"
"Mar 11, 2008","11,741.33","12,160.80","11,741.01","12,156.81","12,156.81","3,723,300"
"Mar 10, 2008","11,893.04","11,926.50","11,731.60","11,740.15","11,740.15","3,120,200"
"Mar 07, 2008","12,039.09","12,094.21","11,819.69","11,893.69","11,893.69","3,075,800"
"Mar 06, 2008","12,254.59","12,254.59","12,026.07","12,040.39","12,040.39","2,831,000"
"Mar 05, 2008","12,204.93","12,349.67","12,140.53","12,254.99","12,254.99","3,045,700"
"Mar 04, 2008","12,259.14","12,259.23","12,032.42","12,213.80","12,213.80","3,477,200"
"Mar 03, 2008","12,264.36","12,281.37","12,161.05","12,258.90","12,258.90","2,597,300"
"Feb 29, 2008","12,579.58","12,580.15","12,223.57","12,266.39","12,266.39","3,518,700"
"Feb 28, 2008","12,689.28","12,689.44","12,536.43","12,582.18","12,582.18","2,472,700"
"Feb 27, 2008","12,683.54","12,756.56","12,609.37","12,694.28","12,694.28","2,637,200"
"Feb 26, 2008","12,569.48","12,734.18","12,512.41","12,684.92","12,684.92","2,917,600"
"Feb 25, 2008","12,380.77","12,584.62","12,341.04","12,570.22","12,570.22","2,886,000"
"Feb 22, 2008","12,281.09","12,397.79","12,155.26","12,381.02","12,381.02","3,070,900"
"Feb 21, 2008","12,426.85","12,503.46","12,247.34","12,284.30","12,284.30","2,934,200"
"Feb 20, 2008","12,333.31","12,464.06","12,227.72","12,427.26","12,427.26","2,979,900"
"Feb 19, 2008","12,349.59","12,505.25","12,304.08","12,337.22","12,337.22","2,575,500"
"Feb 15, 2008","12,376.66","12,376.66","12,278.62","12,348.21","12,348.21","2,898,000"
"Feb 14, 2008","12,551.51","12,557.61","12,361.46","12,376.98","12,376.98","2,337,900"
"Feb 13, 2008","12,368.12","12,573.13","12,367.80","12,552.24","12,552.24","2,363,000"
"Feb 12, 2008","12,241.56","12,469.41","12,241.56","12,373.41","12,373.41","2,569,700"
"Feb 11, 2008","12,181.89","12,252.12","12,069.47","12,240.01","12,240.01","2,681,000"
"Feb 08, 2008","12,248.47","12,281.88","12,103.37","12,182.13","12,182.13","2,622,000"
"Feb 07, 2008","12,196.20","12,332.52","12,120.44","12,247.00","12,247.00","3,262,000"
"Feb 06, 2008","12,257.25","12,390.32","12,178.15","12,200.10","12,200.10","2,963,600"
"Feb 05, 2008","12,631.85","12,631.93","12,264.07","12,265.13","12,265.13","3,343,800"
"Feb 04, 2008","12,743.11","12,749.78","12,621.83","12,635.16","12,635.16","2,374,100"
"Feb 01, 2008","12,638.17","12,767.74","12,602.32","12,743.19","12,743.19","3,795,800"
"Jan 31, 2008","12,438.28","12,702.38","12,249.93","12,650.36","12,650.36","3,943,300"
"Jan 30, 2008","12,480.14","12,681.41","12,406.17","12,442.83","12,442.83","3,346,800"
"Jan 29, 2008","12,385.19","12,503.15","12,346.99","12,480.30","12,480.30","2,850,900"
"Jan 28, 2008","12,205.71","12,386.01","12,112.14","12,383.89","12,383.89","2,789,900"
"Jan 25, 2008","12,391.70","12,486.89","12,183.68","12,207.17","12,207.17","3,936,600"
"Jan 24, 2008","12,272.69","12,399.18","12,241.80","12,378.61","12,378.61","3,879,000"
"Jan 23, 2008","11,969.08","12,276.67","11,644.81","12,270.17","12,270.17","5,365,200"
"Jan 22, 2008","12,092.72","12,092.72","11,634.82","11,971.19","11,971.19","5,065,000"
"Jan 18, 2008","12,159.94","12,341.54","12,022.48","12,099.30","12,099.30","4,833,000"
"Jan 17, 2008","12,467.05","12,517.61","12,125.56","12,159.21","12,159.21","4,398,300"
"Jan 16, 2008","12,476.81","12,613.13","12,392.27","12,466.16","12,466.16","5,000,400"
"Jan 15, 2008","12,777.50","12,777.50","12,488.76","12,501.11","12,501.11","3,397,000"
"Jan 14, 2008","12,613.78","12,794.57","12,613.70","12,778.15","12,778.15","2,453,700"
"Jan 11, 2008","12,850.74","12,851.14","12,543.87","12,606.30","12,606.30","3,018,900"
"Jan 10, 2008","12,733.11","12,931.29","12,632.15","12,853.09","12,853.09","3,253,300"
"Jan 09, 2008","12,590.21","12,738.64","12,501.76","12,735.31","12,735.31","3,329,000"
"Jan 08, 2008","12,820.90","12,906.42","12,565.41","12,589.07","12,589.07","3,226,900"
"Jan 07, 2008","12,801.15","12,884.15","12,733.84","12,827.49","12,827.49","3,067,000"
"Jan 04, 2008","13,046.56","13,046.72","12,789.04","12,800.18","12,800.18","3,042,100"
"Jan 03, 2008","13,044.12","13,137.93","13,023.56","13,056.72","13,056.72","2,006,200"
"Jan 02, 2008","13,261.82","13,279.54","12,991.37","13,043.96","13,043.96","2,395,800"



