Date,Open,High,Low,Close,Adj Close,Volume,Month,Year
30-Dec-20,30415.09,30525.35,30393.04,30409.56,30409.56,2918900,Dec,2020
29-Dec-20,30492.07,30588.79,30274.24,30335.67,30335.67,3576100,Dec,2020
28-Dec-20,30283.23,30525.56,30283.23,30403.97,30403.97,3024900,Dec,2020
24-Dec-20,30155.92,30209.67,30099.3,30199.87,30199.87,1455700,Dec,2020
23-Dec-20,30046.73,30292.53,30046.73,30129.83,30129.83,2740500,Dec,2020
22-Dec-20,30200.2,30200.2,29992.89,30015.51,30015.51,3888100,Dec,2020
21-Dec-20,30159,30304.14,29755.53,30216.45,30216.45,4374800,Dec,2020
18-Dec-20,30314.26,30343.59,30029.44,30179.05,30179.05,7820700,Dec,2020
17-Dec-20,30216,30323.78,30216,30303.37,30303.37,3455300,Dec,2020
16-Dec-20,30191.38,30236.03,30080.11,30154.54,30154.54,3445900,Dec,2020
15-Dec-20,29919.09,30243.26,29894.95,30199.31,30199.31,4177700,Dec,2020
14-Dec-20,30123.91,30325.79,29849.15,29861.55,29861.55,3719800,Dec,2020
11-Dec-20,29988.21,30071.13,29820.84,30046.37,30046.37,3938700,Dec,2020
10-Dec-20,30032.55,30063.87,29876.82,29999.26,29999.26,3255500,Dec,2020
9-Dec-20,30229.81,30319.7,29951.85,30068.81,30068.81,3805200,Dec,2020
8-Dec-20,29997.95,30246.22,29972.07,30173.88,30173.88,3111900,Dec,2020
7-Dec-20,30233.03,30233.03,29967.22,30069.79,30069.79,3658100,Dec,2020
4-Dec-20,29989.56,30218.26,29989.56,30218.26,30218.26,3565900,Dec,2020
3-Dec-20,29920.83,30110.88,29877.27,29969.52,29969.52,4056800,Dec,2020
2-Dec-20,29695.09,29902.51,29599.29,29883.79,29883.79,3852800,Dec,2020
1-Dec-20,29797.5,30083.31,29797.5,29823.92,29823.92,4295100,Dec,2020
30-Nov-20,29854.51,29854.51,29463.64,29638.64,29638.64,5513500,Nov,2020
27-Nov-20,29911.33,30015.13,29819.98,29910.37,29910.37,1770400,Nov,2020
25-Nov-20,30058.87,30058.87,29806.25,29872.47,29872.47,3230300,Nov,2020
24-Nov-20,29746.11,30116.51,29746.11,30046.24,30046.24,4327600,Nov,2020
23-Nov-20,29332.82,29667.75,29332.82,29591.27,29591.27,3872000,Nov,2020
20-Nov-20,29437.57,29469.89,29231.2,29263.48,29263.48,3053500,Nov,2020
19-Nov-20,29370.92,29524.9,29228.38,29483.23,29483.23,3313300,Nov,2020
18-Nov-20,29875.4,29930.85,29432.84,29438.42,29438.42,3828500,Nov,2020
17-Nov-20,29800.15,29872.42,29520.29,29783.35,29783.35,3723800,Nov,2020
16-Nov-20,29672.36,29964.29,29672.36,29950.44,29950.44,4182900,Nov,2020
13-Nov-20,29203.9,29559.25,29203.9,29479.81,29479.81,3488100,Nov,2020
12-Nov-20,29231.91,29311.83,28902.13,29080.17,29080.17,3693200,Nov,2020
11-Nov-20,29524.35,29593.11,29281.22,29397.63,29397.63,3767000,Nov,2020
10-Nov-20,29254.17,29478.86,29126.99,29420.92,29420.92,5269800,Nov,2020
9-Nov-20,29467.9,29933.83,29130.66,29157.97,29157.97,6733100,Nov,2020
6-Nov-20,28399.13,28431.96,28189.5,28323.4,28323.4,3267100,Nov,2020
5-Nov-20,28083.37,28495.05,28083.37,28390.18,28390.18,3901400,Nov,2020
4-Nov-20,27512.83,28301.5,27512.83,27847.66,27847.66,4478600,Nov,2020
3-Nov-20,27138.69,27640.21,27138.69,27480.03,27480.03,3509800,Nov,2020
2-Nov-20,26691.28,27043.48,26691.28,26925.05,26925.05,3799900,Nov,2020
30-Oct-20,26572.27,26639.18,26143.77,26501.6,26501.6,5048200,Oct,2020
29-Oct-20,26480.98,26891.89,26290.78,26659.11,26659.11,4197700,Oct,2020
28-Oct-20,27102.14,27102.14,26497.39,26519.95,26519.95,4961500,Oct,2020
27-Oct-20,27651.18,27707.69,27457.96,27463.19,27463.19,3664000,Oct,2020
26-Oct-20,28185.82,28185.82,27370.16,27685.38,27685.38,4041500,Oct,2020
23-Oct-20,28409.65,28436.52,28149.82,28335.57,28335.57,3473000,Oct,2020
22-Oct-20,28197.42,28421.31,28040.18,28363.66,28363.66,3303200,Oct,2020
21-Oct-20,28270.66,28450.64,28196.39,28210.82,28210.82,2994200,Oct,2020
20-Oct-20,28245.85,28575.03,28243.04,28308.79,28308.79,3502200,Oct,2020
19-Oct-20,28633.55,28711.93,28139.4,28195.42,28195.42,3587000,Oct,2020
16-Oct-20,28570.72,28842.9,28570.72,28606.31,28606.31,3561400,Oct,2020
15-Oct-20,28323.4,28535.85,28181.54,28494.2,28494.2,3289400,Oct,2020
14-Oct-20,28731.3,28792.56,28461.73,28514,28514,3708000,Oct,2020
13-Oct-20,28764.95,28808.84,28604.35,28679.81,28679.81,5261100,Oct,2020
12-Oct-20,28671.12,28957.9,28659.67,28837.52,28837.52,4936800,Oct,2020
9-Oct-20,28533.61,28676.29,28440.63,28586.9,28586.9,3240500,Oct,2020
8-Oct-20,28348.86,28459.13,28265.56,28425.51,28425.51,3147500,Oct,2020
7-Oct-20,27971.36,28369.66,27971.36,28303.46,28303.46,3287500,Oct,2020
6-Oct-20,28214.24,28354.48,27728.03,27772.76,27772.76,4350300,Oct,2020
5-Oct-20,27825.42,28162.64,27825.42,28148.64,28148.64,3182100,Oct,2020
2-Oct-20,27536.39,27861.43,27382.94,27682.81,27682.81,3927700,Oct,2020
1-Oct-20,27940.63,28041.46,27669.26,27816.9,27816.9,3734500,Oct,2020
30-Sep-20,27514.64,28026.33,27511.06,27781.7,27781.7,4525500,Sep,2020
29-Sep-20,27560.24,27605.6,27338.09,27452.66,27452.66,3038200,Sep,2020
28-Sep-20,27362.14,27722.6,27362.14,27584.06,27584.06,4018600,Sep,2020
25-Sep-20,26694.51,27239.29,26635.38,27173.96,27173.96,3889000,Sep,2020
24-Sep-20,26716.09,27094.85,26537.01,26815.44,26815.44,4478100,Sep,2020
23-Sep-20,27413.6,27464.46,26716.12,26763.13,26763.13,4594700,Sep,2020
22-Sep-20,27170.34,27333.09,26989.93,27288.18,27288.18,4207200,Sep,2020
21-Sep-20,27484.71,27484.71,26715.15,27147.7,27147.7,5236600,Sep,2020
18-Sep-20,27864.87,27946.69,27487.97,27657.42,27657.42,6987100,Sep,2020
17-Sep-20,27834.18,28056.79,27647.93,27901.98,27901.98,4372300,Sep,2020
16-Sep-20,28031.69,28364.77,28021.67,28032.38,28032.38,4166500,Sep,2020
15-Sep-20,28139.76,28231.06,27931.45,27995.6,27995.6,4145200,Sep,2020
14-Sep-20,27718.74,28086.06,27718.74,27993.33,27993.33,3807500,Sep,2020
11-Sep-20,27613.86,27828.82,27448.15,27665.64,27665.64,4353300,Sep,2020
10-Sep-20,28022.51,28174.78,27447.08,27534.58,27534.58,4428500,Sep,2020
9-Sep-20,27711.71,28206.21,27704.54,27940.47,27940.47,4605900,Sep,2020
8-Sep-20,27925.23,27925.23,27464.9,27500.89,27500.89,5808600,Sep,2020
4-Sep-20,28341.05,28539.75,27664.68,28133.31,28133.31,6946400,Sep,2020
3-Sep-20,29090.7,29199.35,28074.76,28292.73,28292.73,6500800,Sep,2020
2-Sep-20,28736.79,29162.88,28713.53,29100.5,29100.5,5395100,Sep,2020
1-Sep-20,28439.61,28659.26,28290.72,28645.66,28645.66,4234100,Sep,2020
31-Aug-20,28643.66,28643.66,28363.55,28430.05,28430.05,5173200,Aug,2020
28-Aug-20,28601.29,28733.35,28487.98,28653.87,28653.87,3697400,Aug,2020
27-Aug-20,28384.07,28634.22,28363.93,28492.27,28492.27,4043400,Aug,2020
26-Aug-20,28257.88,28353.8,28153.91,28331.92,28331.92,3270700,Aug,2020
25-Aug-20,28347.42,28400.74,28094.57,28248.44,28248.44,3384200,Aug,2020
24-Aug-20,28077.58,28314.94,28041.75,28308.46,28308.46,3838800,Aug,2020
21-Aug-20,27758.13,27959.48,27686.78,27930.33,27930.33,3727200,Aug,2020
20-Aug-20,27622.68,27781.46,27526.25,27739.73,27739.73,3045500,Aug,2020
19-Aug-20,27811.26,27920.42,27647.67,27692.88,27692.88,3114600,Aug,2020
18-Aug-20,27853.48,27891.12,27668.79,27778.07,27778.07,2761700,Aug,2020
17-Aug-20,27970.05,27999.81,27816.4,27844.91,27844.91,2868600,Aug,2020
14-Aug-20,27828.93,27977.81,27759.39,27931.02,27931.02,2755400,Aug,2020
13-Aug-20,27922.51,27986.1,27789.78,27896.72,27896.72,3601600,Aug,2020
12-Aug-20,27860.24,28043.89,27843.32,27976.84,27976.84,3402100,Aug,2020
11-Aug-20,27961.64,28154.88,27624.51,27686.91,27686.91,4282200,Aug,2020
10-Aug-20,27488.21,27803.86,27488.21,27791.44,27791.44,3603400,Aug,2020
7-Aug-20,27321.68,27456.24,27223.55,27433.48,27433.48,3211700,Aug,2020
6-Aug-20,27170.82,27394.1,27145.25,27386.98,27386.98,3224600,Aug,2020
5-Aug-20,26924.78,27221.67,26924.78,27201.52,27201.52,3660000,Aug,2020
4-Aug-20,26664.61,26832.72,26597.82,26828.47,26828.47,3463500,Aug,2020
3-Aug-20,26542.32,26707.26,26534.38,26664.4,26664.4,4393800,Aug,2020
31-Jul-20,26409.33,26440.02,26013.59,26428.32,26428.32,4880500,Jul,2020
30-Jul-20,26367.42,26374.93,25992.28,26313.65,26313.65,3515400,Jul,2020
29-Jul-20,26388.44,26602.45,26375.39,26539.57,26539.57,3475800,Jul,2020
28-Jul-20,26529.45,26556.84,26361.71,26379.28,26379.28,3610900,Jul,2020
27-Jul-20,26447.67,26625.46,26426.92,26584.77,26584.77,4009300,Jul,2020
24-Jul-20,26533.41,26625.7,26402.86,26469.89,26469.89,4941700,Jul,2020
23-Jul-20,26955.97,26973.85,26560.04,26652.33,26652.33,4198000,Jul,2020
22-Jul-20,26824.56,27035.24,26794.19,27005.84,27005.84,4043400,Jul,2020
21-Jul-20,26833.14,27025.38,26766.22,26840.4,26840.4,3649300,Jul,2020
20-Jul-20,26660.29,26765.02,26504.2,26680.87,26680.87,3093900,Jul,2020
17-Jul-20,26774.62,26808.43,26619.88,26671.95,26671.95,2964600,Jul,2020
16-Jul-20,26746.57,26879.16,26590.01,26734.71,26734.71,2873300,Jul,2020
15-Jul-20,27009.81,27071.33,26692.48,26870.1,26870.1,3849000,Jul,2020
14-Jul-20,26044.17,26690.52,25994.98,26642.59,26642.59,4016400,Jul,2020
13-Jul-20,26225.07,26639.09,26044.23,26085.8,26085.8,4253200,Jul,2020
10-Jul-20,25690.35,26101.32,25637.5,26075.3,26075.3,3381700,Jul,2020
9-Jul-20,26094.92,26103.28,25523.51,25706.09,25706.09,3876100,Jul,2020
8-Jul-20,25950.06,26109.49,25816.25,26067.28,26067.28,3373000,Jul,2020
7-Jul-20,26172.01,26174.93,25866.58,25890.18,25890.18,3468200,Jul,2020
6-Jul-20,25996.08,26297.53,25996.08,26287.03,26287.03,3406900,Jul,2020
2-Jul-20,25936.45,26204.41,25778.12,25827.36,25827.36,3491300,Jul,2020
1-Jul-20,25879.38,26019.31,25713.61,25734.97,25734.97,3731800,Jul,2020
30-Jun-20,25512.43,25905.38,25475.14,25812.88,25812.88,4107800,Jun,2020
29-Jun-20,25152.45,25601.15,25096.16,25595.8,25595.8,3780700,Jun,2020
26-Jun-20,25641.69,25641.69,24971.03,25015.55,25015.55,6408600,Jun,2020
25-Jun-20,25365.22,25769.61,25209.79,25745.6,25745.6,3845600,Jun,2020
24-Jun-20,25992.96,25992.96,25296.73,25445.94,25445.94,4501200,Jun,2020
23-Jun-20,26159.39,26314.97,26105.97,26156.1,26156.1,3899800,Jun,2020
22-Jun-20,25865.08,26059.81,25667.68,26024.96,26024.96,3517800,Jun,2020
19-Jun-20,26213.1,26451.44,25759.66,25871.46,25871.46,6693900,Jun,2020
18-Jun-20,26016.45,26154.2,25848.53,26080.1,26080.1,3283900,Jun,2020
17-Jun-20,26330.52,26400.07,26068.41,26119.61,26119.61,3288300,Jun,2020
16-Jun-20,26326.68,26611.03,25811.7,26289.98,26289.98,4895000,Jun,2020
15-Jun-20,25270.39,25891.58,24843.18,25763.16,25763.16,4612300,Jun,2020
12-Jun-20,25659.42,25965.55,25078.41,25605.54,25605.54,5144400,Jun,2020
11-Jun-20,26282.51,26294.08,25082.72,25128.17,25128.17,6477800,Jun,2020
10-Jun-20,27251.89,27355.22,26938.05,26989.99,26989.99,4489300,Jun,2020
9-Jun-20,27447.37,27447.37,27151.06,27272.3,27272.3,3814300,Jun,2020
8-Jun-20,27232.93,27580.21,27232.48,27572.44,27572.44,4302000,Jun,2020
5-Jun-20,26836.8,27338.3,26836.8,27110.98,27110.98,5423100,Jun,2020
4-Jun-20,26226.49,26384.1,26082.31,26281.82,26281.82,3721900,Jun,2020
3-Jun-20,25906.88,26337.75,25906.88,26269.89,26269.89,3987900,Jun,2020
2-Jun-20,25582.52,25743.13,25523.74,25742.65,25742.65,3526100,Jun,2020
1-Jun-20,25342.99,25508.83,25220.66,25475.02,25475.02,3383100,Jun,2020
29-May-20,25324.15,25482.8,25031.67,25383.11,25383.11,5276200,May,2020
28-May-20,25697.36,25758.79,25358.73,25400.64,25400.64,3778000,May,2020
27-May-20,25298.63,25551.56,25009.87,25548.27,25548.27,4112300,May,2020
26-May-20,24781.84,25176.42,24781.84,24995.11,24995.11,4243800,May,2020
22-May-20,24461.98,24481.64,24294.07,24465.16,24465.16,2556600,May,2020
21-May-20,24564.27,24718.46,24370.88,24474.12,24474.12,3467700,May,2020
20-May-20,24455.94,24649.48,24455.94,24575.9,24575.9,3665100,May,2020
19-May-20,24577.48,24599.5,24202.96,24206.86,24206.86,3741000,May,2020
18-May-20,24059.98,24708.54,24059.98,24597.37,24597.37,4841900,May,2020
15-May-20,23454.83,23730.08,23354.15,23685.42,23685.42,4915100,May,2020
14-May-20,23049.06,23630.86,22789.62,23625.34,23625.34,4727000,May,2020
13-May-20,23702.16,23708.9,23067.64,23247.97,23247.97,4699500,May,2020
12-May-20,24292.84,24382.09,23761.58,23764.78,23764.78,3594800,May,2020
11-May-20,24256.45,24366.21,24070.22,24221.99,24221.99,3524000,May,2020
8-May-20,24107.82,24349.9,24107.05,24331.32,24331.32,3357600,May,2020
7-May-20,23837.21,24094.62,23834.39,23875.89,23875.89,3698900,May,2020
6-May-20,23978.88,24054.59,23661.14,23664.64,23664.64,3774500,May,2020
5-May-20,23958.88,24169.72,23868.91,23883.09,23883.09,3697100,May,2020
4-May-20,23581.55,23769.56,23361.16,23749.76,23749.76,3553600,May,2020
1-May-20,24120.78,24120.78,23645.3,23723.69,23723.69,4181600,May,2020
30-Apr-20,24585.57,24585.57,24186.9,24345.72,24345.72,4878400,Apr,2020
29-Apr-20,24490.37,24764.77,24453.99,24633.86,24633.86,4552900,Apr,2020
28-Apr-20,24357.17,24512.24,24031.2,24101.55,24101.55,4002500,Apr,2020
27-Apr-20,23866.15,24207.65,23840.61,24133.78,24133.78,3893900,Apr,2020
24-Apr-20,23628.24,23826,23417.68,23775.27,23775.27,3760200,Apr,2020
23-Apr-20,23543.09,23885.36,23483.35,23515.26,23515.26,3892900,Apr,2020
22-Apr-20,23437.34,23613.1,23339.6,23475.82,23475.82,3528800,Apr,2020
21-Apr-20,23365.25,23365.25,22941.88,23018.88,23018.88,4851400,Apr,2020
20-Apr-20,24095.1,24108.69,23627.19,23650.44,23650.44,4234100,Apr,2020
17-Apr-20,23817.15,24264.21,23817.15,24242.49,24242.49,5259500,Apr,2020
16-Apr-20,23543.66,23598.08,23211.38,23537.68,23537.68,4710500,Apr,2020
15-Apr-20,23600.72,23649.72,23233.32,23504.35,23504.35,4376300,Apr,2020
14-Apr-20,23690.57,24040.58,23683.44,23949.76,23949.76,4859100,Apr,2020
13-Apr-20,23698.93,23698.93,23095.35,23390.77,23390.77,3943200,Apr,2020
9-Apr-20,23690.66,24008.99,23504.09,23719.37,23719.37,5664000,Apr,2020
8-Apr-20,22893.47,23513.4,22682.99,23433.57,23433.57,4727400,Apr,2020
7-Apr-20,23537.44,23617.24,22634.45,22653.86,22653.86,5946600,Apr,2020
6-Apr-20,21693.63,22783.45,21693.63,22679.99,22679.99,6107600,Apr,2020
3-Apr-20,21285.93,21447.81,20863.09,21052.53,21052.53,4500100,Apr,2020
2-Apr-20,20819.46,21477.77,20735.02,21413.44,21413.44,5295400,Apr,2020
1-Apr-20,21227.38,21487.24,20784.43,20943.51,20943.51,5066800,Apr,2020
31-Mar-20,22208.42,22480.37,21852.08,21917.16,21917.16,5712100,Mar,2020
30-Mar-20,21678.22,22378.09,21522.08,22327.48,22327.48,5455400,Mar,2020
27-Mar-20,21898.47,22327.57,21469.27,21636.78,21636.78,5888300,Mar,2020
26-Mar-20,21468.38,22595.06,21427.1,22552.17,22552.17,7051800,Mar,2020
25-Mar-20,21050.34,22019.93,20538.34,21200.55,21200.55,7963200,Mar,2020
24-Mar-20,19722.19,20737.7,19649.25,20704.91,20704.91,7993400,Mar,2020
23-Mar-20,19028.36,19121.01,18213.65,18591.93,18591.93,7879700,Mar,2020
20-Mar-20,20253.15,20531.26,19094.27,19173.98,19173.98,8722900,Mar,2020
19-Mar-20,19830.01,20442.63,19177.13,20087.19,20087.19,7803000,Mar,2020
18-Mar-20,20188.69,20489.33,18917.46,19898.92,19898.92,8713600,Mar,2020
17-Mar-20,20487.05,21379.35,19882.26,21237.38,21237.38,7930600,Mar,2020
16-Mar-20,20917.53,21768.28,20116.46,20188.52,20188.52,7701300,Mar,2020
13-Mar-20,21973.82,23189.76,21285.37,23185.62,23185.62,8430800,Mar,2020
12-Mar-20,22184.71,22837.95,21154.46,21200.62,21200.62,9082600,Mar,2020
11-Mar-20,24604.63,24604.63,23328.32,23553.22,23553.22,6639600,Mar,2020
10-Mar-20,24453,25020.99,23690.34,25018.16,25018.16,6548600,Mar,2020
9-Mar-20,24992.36,24992.36,23706.07,23851.02,23851.02,7504300,Mar,2020
6-Mar-20,25457.21,25994.38,25226.62,25864.78,25864.78,5997800,Mar,2020
5-Mar-20,26671.92,26671.92,25943.33,26121.28,26121.28,4773700,Mar,2020
4-Mar-20,26383.68,27102.34,26286.31,27090.86,27090.86,4575900,Mar,2020
3-Mar-20,26762.47,27084.59,25706.28,25917.41,25917.41,6470800,Mar,2020
2-Mar-20,25590.51,26706.17,25391.96,26703.32,26703.32,6372000,Mar,2020
28-Feb-20,25270.83,25494.24,24681.01,25409.36,25409.36,9159900,Feb,2020
27-Feb-20,26526,26775.31,25752.82,25766.64,25766.64,6649800,Feb,2020
26-Feb-20,27159.46,27542.78,26890.97,26957.59,26957.59,4724500,Feb,2020
25-Feb-20,28037.65,28149.2,26997.62,27081.36,27081.36,5132700,Feb,2020
24-Feb-20,28402.93,28402.93,27912.44,27960.8,27960.8,4525800,Feb,2020
21-Feb-20,29146.53,29146.53,28892.7,28992.41,28992.41,3112100,Feb,2020
20-Feb-20,29296.25,29368.45,28959.65,29219.98,29219.98,2877800,Feb,2020
19-Feb-20,29312.7,29409.09,29274.38,29348.03,29348.03,2406400,Feb,2020
18-Feb-20,29282.78,29330.16,29116.81,29232.19,29232.19,2566000,Feb,2020
14-Feb-20,29440.47,29463.04,29283.18,29398.08,29398.08,2310000,Feb,2020
13-Feb-20,29436.03,29535.4,29345.93,29423.31,29423.31,2911500,Feb,2020
12-Feb-20,29406.75,29568.57,29406.75,29551.42,29551.42,3095300,Feb,2020
11-Feb-20,29390.71,29415.39,29210.47,29276.34,29276.34,2795400,Feb,2020
10-Feb-20,28995.66,29278.07,28995.66,29276.82,29276.82,2505100,Feb,2020
7-Feb-20,29286.92,29286.92,29056.98,29102.51,29102.51,2528600,Feb,2020
6-Feb-20,29388.58,29408.05,29246.93,29379.77,29379.77,2637000,Feb,2020
5-Feb-20,29048.73,29308.89,29000.85,29290.85,29290.85,3575400,Feb,2020
4-Feb-20,28696.74,28904.88,28696.74,28807.63,28807.63,3327500,Feb,2020
3-Feb-20,28319.65,28630.39,28319.65,28399.81,28399.81,3079100,Feb,2020
31-Jan-20,28813.04,28813.04,28169.53,28256.03,28256.03,4038900,Jan,2020
30-Jan-20,28640.16,28879.71,28489.76,28859.44,28859.44,3268500,Jan,2020
29-Jan-20,28820.53,28944.24,28728.19,28734.45,28734.45,3022900,Jan,2020
28-Jan-20,28594.28,28823.23,28575.75,28722.85,28722.85,3301400,Jan,2020
27-Jan-20,28542.49,28671.79,28440.47,28535.8,28535.8,3372700,Jan,2020
24-Jan-20,29230.39,29288.79,28843.31,28989.73,28989.73,3800100,Jan,2020
23-Jan-20,29111.02,29190.47,28966.98,29160.09,29160.09,3070600,Jan,2020
22-Jan-20,29263.63,29320.2,29172.26,29186.27,29186.27,2834400,Jan,2020
21-Jan-20,29269.05,29341.21,29146.47,29196.04,29196.04,3206400,Jan,2020
17-Jan-20,29313.31,29373.62,29289.91,29348.1,29348.1,3218200,Jan,2020
16-Jan-20,29131.95,29300.32,29131.95,29297.64,29297.64,2521100,Jan,2020
15-Jan-20,28901.8,29127.59,28897.35,29030.22,29030.22,2602700,Jan,2020
14-Jan-20,28895.5,29054.16,28872.27,28939.67,28939.67,2874400,Jan,2020
13-Jan-20,28869.01,28909.91,28819.43,28907.05,28907.05,2498300,Jan,2020
10-Jan-20,28977.52,29009.07,28789.1,28823.77,28823.77,2378300,Jan,2020
9-Jan-20,28851.97,28988.01,28844.31,28956.9,28956.9,2750600,Jan,2020
8-Jan-20,28556.14,28866.18,28522.51,28745.09,28745.09,2917500,Jan,2020
7-Jan-20,28639.18,28685.5,28565.28,28583.68,28583.68,2589000,Jan,2020
6-Jan-20,28465.5,28708.02,28418.63,28703.38,28703.38,2527600,Jan,2020
3-Jan-20,28553.33,28716.31,28500.36,28634.88,28634.88,2395900,Jan,2020
2-Jan-20,28638.97,28872.8,28627.77,28868.8,28868.8,2518200,Jan,2020
31-Dec-08,8666.48,8842.66,8664.89,8776.39,8776.39,2267600,Dec,2008
30-Dec-08,8487.51,8675.24,8487.51,8668.39,8668.39,1625600,Dec,2008
29-Dec-08,8515.87,8530.68,8364.06,8483.93,8483.93,1537300,Dec,2008
26-Dec-08,8468.71,8533.07,8461.78,8515.55,8515.55,867600,Dec,2008
24-Dec-08,8416.86,8498.5,8416.86,8468.48,8468.48,669300,Dec,2008
23-Dec-08,8518.65,8604.12,8391.3,8419.49,8419.49,1746400,Dec,2008
22-Dec-08,8573.37,8601.41,8372.02,8519.69,8519.69,2110900,Dec,2008
19-Dec-08,8606.5,8787.23,8550.43,8579.11,8579.11,5501500,Dec,2008
18-Dec-08,8823.94,8883.36,8527.41,8604.99,8604.99,2740800,Dec,2008
17-Dec-08,8921.91,8961.26,8778.07,8824.34,8824.34,2392600,Dec,2008
16-Dec-08,8565.65,8958.79,8565.65,8924.14,8924.14,3371900,Dec,2008
15-Dec-08,8628.81,8676.28,8469.03,8564.53,8564.53,2299400,Dec,2008
12-Dec-08,8563.1,8682.57,8347.81,8629.68,8629.68,2710300,Dec,2008
11-Dec-08,8750.13,8809.45,8512.76,8565.09,8565.09,2905400,Dec,2008
10-Dec-08,8693,8879.22,8646.33,8761.42,8761.42,2328300,Dec,2008
9-Dec-08,8934.1,8934.1,8651.74,8691.33,8691.33,2849500,Dec,2008
8-Dec-08,8637.65,9026.41,8637.49,8934.18,8934.18,3589700,Dec,2008
5-Dec-08,8376.08,8686.47,8118.5,8635.42,8635.42,3463700,Dec,2008
4-Dec-08,8587.07,8631.99,8259.4,8376.24,8376.24,2808800,Dec,2008
3-Dec-08,8409.14,8624.19,8234.15,8591.69,8591.69,2946800,Dec,2008
2-Dec-08,8153.75,8437.17,8143.51,8419.09,8419.09,3075200,Dec,2008
1-Dec-08,8826.89,8827.05,8141.36,8149.09,8149.09,3210100,Dec,2008
28-Nov-08,8724.7,8831.35,8672.69,8829.04,8829.04,1555100,Nov,2008
26-Nov-08,8464.49,8726.61,8311.17,8726.61,8726.61,2839200,Nov,2008
25-Nov-08,8445.14,8607.38,8281.46,8479.47,8479.47,3740200,Nov,2008
24-Nov-08,8048.09,8599.02,8048.09,8443.39,8443.39,4918900,Nov,2008
21-Nov-08,7552.37,8071.75,7449.38,8046.42,8046.42,5690100,Nov,2008
20-Nov-08,7995.53,8187.4,7506.97,7552.29,7552.29,5281300,Nov,2008
19-Nov-08,8420.69,8504.64,7987.08,7997.28,7997.28,3504700,Nov,2008
18-Nov-08,8273.34,8477.95,8105.44,8424.75,8424.75,3663900,Nov,2008
17-Nov-08,8494.84,8571.3,8246.89,8273.58,8273.58,2782200,Nov,2008
14-Nov-08,8822.19,8923.18,8469.99,8497.31,8497.31,3043700,Nov,2008
13-Nov-08,8281.14,8876.59,7965.42,8835.25,8835.25,4766000,Nov,2008
12-Nov-08,8684.52,8684.6,8265.29,8282.66,8282.66,3146600,Nov,2008
11-Nov-08,8864.32,8867.91,8560.71,8693.96,8693.96,2572700,Nov,2008
10-Nov-08,8946.6,9159.58,8760.46,8870.54,8870.54,2212300,Nov,2008
7-Nov-08,8696.03,8961.57,8696.03,8943.81,8943.81,2463000,Nov,2008
6-Nov-08,9134.01,9155.44,8637.17,8695.79,8695.79,3443500,Nov,2008
5-Nov-08,9616.6,9616.6,9111.47,9139.27,9139.27,2646400,Nov,2008
4-Nov-08,9323.89,9653.95,9323.89,9625.28,9625.28,2549300,Nov,2008
3-Nov-08,9326.04,9410.55,9255.48,9319.83,9319.83,1809700,Nov,2008
31-Oct-08,9179.09,9454.36,9119.2,9325.01,9325.01,3109500,Oct,2008
30-Oct-08,9004.66,9266.47,8976.87,9180.69,9180.69,2672100,Oct,2008
29-Oct-08,9062.33,9363.32,8890.29,8990.96,8990.96,3162300,Oct,2008
28-Oct-08,8178.72,9082.08,8174.73,9065.12,9065.12,3721600,Oct,2008
27-Oct-08,8375.92,8599.1,8143.59,8175.77,8175.77,2811800,Oct,2008
24-Oct-08,8683.21,8683.21,8187.48,8378.95,8378.95,3356800,Oct,2008
23-Oct-08,8519.77,8795.99,8243.55,8691.25,8691.25,3407400,Oct,2008
22-Oct-08,9027.84,9027.84,8335.3,8519.21,8519.21,3488400,Oct,2008
21-Oct-08,9262.8,9284.55,9004.27,9033.66,9033.66,2311600,Oct,2008
20-Oct-08,8852.3,9266.63,8852.22,9265.43,9265.43,2414000,Oct,2008
17-Oct-08,8975.35,9281.12,8718.25,8852.22,8852.22,3606000,Oct,2008
16-Oct-08,8577.04,9013.27,8197.67,8979.26,8979.26,4224500,Oct,2008
15-Oct-08,9301.91,9308.76,8530.12,8577.91,8577.91,3743500,Oct,2008
14-Oct-08,9388.97,9794.37,9085.43,9310.99,9310.99,4127400,Oct,2008
13-Oct-08,8462.42,9427.99,8462.18,9387.61,9387.61,3992900,Oct,2008
10-Oct-08,8568.67,8901.28,7882.51,8451.19,8451.19,6749200,Oct,2008
9-Oct-08,9261.69,9448.14,8579.19,8579.19,8579.19,4367400,Oct,2008
8-Oct-08,9437.23,9628.07,9194.78,9258.1,9258.1,4792700,Oct,2008
7-Oct-08,9955.42,10124.03,9436.67,9447.11,9447.11,3625200,Oct,2008
6-Oct-08,10322.52,10322.76,9525.32,9955.5,9955.5,3914600,Oct,2008
3-Oct-08,10483.96,10796.26,10310.25,10325.38,10325.38,2996900,Oct,2008
2-Oct-08,10825.54,10825.54,10439.52,10482.85,10482.85,3953300,Oct,2008
1-Oct-08,10847.4,10882.52,10631.95,10831.07,10831.07,2566700,Oct,2008
30-Sep-08,10371.58,10868.9,10371.42,10850.66,10850.66,3197700,Sep,2008
29-Sep-08,11139.62,11139.94,10365.45,10365.45,10365.45,3859400,Sep,2008
26-Sep-08,11019.04,11168.06,10868.82,11143.13,11143.13,2325600,Sep,2008
25-Sep-08,10827.17,11129.19,10827.01,11022.06,11022.06,2185300,Sep,2008
24-Sep-08,10850.02,10928.4,10753.57,10825.17,10825.17,1836300,Sep,2008
23-Sep-08,11015.69,11143.21,10833.94,10854.17,10854.17,2044800,Sep,2008
22-Sep-08,11394.42,11394.58,10992.2,11015.69,11015.69,2132100,Sep,2008
19-Sep-08,11027.51,11483.05,11026.7,11388.44,11388.44,6551100,Sep,2008
18-Sep-08,10609.01,11076.44,10459.44,11019.69,11019.69,4880600,Sep,2008
17-Sep-08,11056.58,11057.31,10595.9,10609.66,10609.66,4632000,Sep,2008
16-Sep-08,10905.62,11093.22,10742.7,11059.02,11059.02,4947600,Sep,2008
15-Sep-08,11416.37,11416.45,10917.51,10917.51,10917.51,4329700,Sep,2008
12-Sep-08,11429.32,11459.93,11280.4,11421.99,11421.99,2388900,Sep,2008
11-Sep-08,11264.44,11445.68,11098.67,11433.71,11433.71,2478200,Sep,2008
10-Sep-08,11233.91,11380.63,11215.26,11268.92,11268.92,2142600,Sep,2008
9-Sep-08,11514.73,11577.5,11230.73,11230.73,11230.73,2573000,Sep,2008
8-Sep-08,11224.87,11570.66,11224.79,11510.74,11510.74,2730000,Sep,2008
5-Sep-08,11185.63,11245.15,11037.85,11220.96,11220.96,1983000,Sep,2008
4-Sep-08,11532.48,11532.48,11176.02,11188.23,11188.23,2292000,Sep,2008
3-Sep-08,11506.01,11554.38,11416.53,11532.88,11532.88,1742500,Sep,2008
2-Sep-08,11545.63,11790.17,11471.9,11516.92,11516.92,1770900,Sep,2008
29-Aug-08,11713.23,11713.23,11543.39,11543.96,11543.96,1669100,Aug,2008
28-Aug-08,11499.87,11715.18,11499.79,11715.18,11715.18,1491500,Aug,2008
27-Aug-08,11412.46,11554.46,11381.77,11502.51,11502.51,1205800,Aug,2008
26-Aug-08,11383.56,11436.24,11340.41,11412.87,11412.87,1198000,Aug,2008
25-Aug-08,11626.19,11626.27,11362.63,11386.25,11386.25,1486100,Aug,2008
22-Aug-08,11426.79,11632.13,11426.79,11628.06,11628.06,1387900,Aug,2008
21-Aug-08,11415.23,11476.21,11315.57,11430.21,11430.21,1300200,Aug,2008
20-Aug-08,11345.94,11454.15,11290.58,11417.43,11417.43,1448800,Aug,2008
19-Aug-08,11478.09,11478.17,11318.5,11348.55,11348.55,1715800,Aug,2008
18-Aug-08,11659.65,11690.43,11434.12,11479.39,11479.39,1562900,Aug,2008
15-Aug-08,11611.21,11709.89,11599.73,11659.9,11659.9,2150400,Aug,2008
14-Aug-08,11532.07,11718.28,11450.89,11615.93,11615.93,1597900,Aug,2008
13-Aug-08,11632.81,11633.78,11453.34,11532.96,11532.96,1825500,Aug,2008
12-Aug-08,11781.7,11782.35,11601.52,11642.47,11642.47,1735900,Aug,2008
11-Aug-08,11729.67,11867.11,11675.53,11782.35,11782.35,1831900,Aug,2008
8-Aug-08,11432.09,11759.96,11388.04,11734.32,11734.32,2128300,Aug,2008
7-Aug-08,11655.42,11655.58,11416.7,11431.43,11431.43,2296100,Aug,2008
6-Aug-08,11603.64,11685.46,11521.32,11656.07,11656.07,1800600,Aug,2008
5-Aug-08,11286.02,11615.93,11286.02,11615.77,11615.77,2349900,Aug,2008
4-Aug-08,11326.32,11382.17,11221.53,11284.15,11284.15,1702500,Aug,2008
1-Aug-08,11379.89,11425.73,11267.05,11326.32,11326.32,1897000,Aug,2008
31-Jul-08,11577.99,11578.89,11363.69,11378.02,11378.02,2202000,Jul,2008
30-Jul-08,11397.56,11586.62,11397.56,11583.69,11583.69,2085200,Jul,2008
29-Jul-08,11133.44,11398.38,11128.06,11397.56,11397.56,2069300,Jul,2008
28-Jul-08,11369.47,11369.55,11125.13,11131.08,11131.08,1975500,Jul,2008
25-Jul-08,11341.14,11443.81,11325.1,11370.69,11370.69,1909200,Jul,2008
24-Jul-08,11630.34,11634.49,11345.37,11349.28,11349.28,2411400,Jul,2008
23-Jul-08,11603.39,11698.17,11558.29,11632.38,11632.38,2645200,Jul,2008
22-Jul-08,11457.9,11616.66,11387.39,11602.5,11602.5,2736900,Jul,2008
21-Jul-08,11495.02,11559.67,11423.94,11467.34,11467.34,2128500,Jul,2008
18-Jul-08,11436.56,11510.82,11381.93,11496.57,11496.57,3786100,Jul,2008
17-Jul-08,11238.39,11446.66,11209.56,11446.66,11446.66,3352600,Jul,2008
16-Jul-08,10961.89,11244.17,10918.33,11239.28,11239.28,3075900,Jul,2008
15-Jul-08,11050.8,11123.67,10827.71,10962.54,10962.54,3313900,Jul,2008
14-Jul-08,11103.64,11239.04,11003.65,11055.19,11055.19,2053600,Jul,2008
11-Jul-08,11226.17,11241.07,10977.68,11100.54,11100.54,2750100,Jul,2008
10-Jul-08,11148.01,11270.3,11086.95,11229.02,11229.02,2480100,Jul,2008
9-Jul-08,11381.93,11418.24,11141.99,11147.44,11147.44,2271000,Jul,2008
8-Jul-08,11225.03,11391.13,11174.88,11384.21,11384.21,2715000,Jul,2008
7-Jul-08,11289.19,11399.11,11120.74,11231.96,11231.96,2482400,Jul,2008
3-Jul-08,11216,11337.48,11157.21,11288.54,11288.54,1769100,Jul,2008
2-Jul-08,11382.34,11434.12,11214.37,11215.51,11215.51,2306900,Jul,2008
1-Jul-08,11344.64,11407.9,11183.43,11382.26,11382.26,2995900,Jul,2008
30-Jun-08,11345.7,11437.3,11287.56,11350.01,11350.01,2822100,Jun,2008
27-Jun-08,11452.85,11485.25,11297.99,11346.51,11346.51,3382500,Jun,2008
26-Jun-08,11808.57,11808.73,11453.42,11453.42,11453.42,3025500,Jun,2008
25-Jun-08,11805.31,11924.19,11789.36,11811.83,11811.83,2361600,Jun,2008
24-Jun-08,11842.36,11904.32,11725.52,11807.43,11807.43,2252700,Jun,2008
23-Jun-08,11843.83,11986.96,11731.06,11842.36,11842.36,1828700,Jun,2008
20-Jun-08,12062.19,12062.19,11818.83,11842.69,11842.69,4297000,Jun,2008
19-Jun-08,12029.06,12114.79,11978.33,12063.09,12063.09,2309200,Jun,2008
18-Jun-08,12158.68,12158.68,11993.64,12029.06,12029.06,2129000,Jun,2008
17-Jun-08,12269.65,12322.82,12150.29,12160.3,12160.3,1746900,Jun,2008
16-Jun-08,12306.86,12319.72,12212.25,12269.08,12269.08,2221400,Jun,2008
13-Jun-08,12144.59,12310.28,12144.59,12307.35,12307.35,2479800,Jun,2008
12-Jun-08,12089.63,12269.24,12076.93,12141.58,12141.58,2609600,Jun,2008
11-Jun-08,12286.34,12286.67,12079.13,12083.77,12083.77,2471200,Jun,2008
10-Jun-08,12277.71,12369.23,12206.96,12289.76,12289.76,2407600,Jun,2008
9-Jun-08,12210.13,12331.86,12195.32,12280.32,12280.32,2663500,Jun,2008
6-Jun-08,12602.74,12603.07,12192.06,12209.81,12209.81,3078200,Jun,2008
5-Jun-08,12388.81,12610.96,12388.81,12604.45,12604.45,2361600,Jun,2008
4-Jun-08,12391.86,12496.16,12338.78,12390.48,12390.48,2385900,Jun,2008
3-Jun-08,12503.2,12554.05,12342.12,12402.85,12402.85,2274600,Jun,2008
2-Jun-08,12637.67,12638.08,12427.77,12503.82,12503.82,1990900,Jun,2008
30-May-08,12647.36,12689.7,12617.4,12638.32,12638.32,2102300,May,2008
29-May-08,12593.87,12726.66,12554.7,12646.22,12646.22,2064200,May,2008
28-May-08,12542.9,12601.93,12495.27,12594.03,12594.03,2136800,May,2008
27-May-08,12479.63,12572.53,12442.59,12548.35,12548.35,2015300,May,2008
23-May-08,12620.9,12621.96,12460.09,12479.63,12479.63,1902100,May,2008
22-May-08,12597.69,12669.34,12591.34,12625.62,12625.62,2163600,May,2008
21-May-08,12824.94,12862.47,12573.67,12601.19,12601.19,2658100,May,2008
20-May-08,13026.04,13026.04,12781.78,12828.68,12828.68,2652200,May,2008
19-May-08,12985.41,13136.69,12963.76,13028.16,13028.16,1937700,May,2008
16-May-08,12992.74,13001.94,12893.49,12986.8,12986.8,2492600,May,2008
15-May-08,12891.29,12999.5,12854.98,12992.66,12992.66,2177800,May,2008
14-May-08,12825.12,12993.15,12825.12,12898.38,12898.38,2068200,May,2008
13-May-08,12872.08,12891.37,12780.97,12832.18,12832.18,2367100,May,2008
12-May-08,12745.55,12904.16,12740.5,12876.31,12876.31,1981100,May,2008
9-May-08,12860.68,12861.41,12715.02,12745.88,12745.88,1802400,May,2008
8-May-08,12814.35,12909.86,12794.81,12866.78,12866.78,1955700,May,2008
7-May-08,13010.82,13036.71,12796.19,12814.35,12814.35,2350000,May,2008
6-May-08,12968.89,13046.15,12863.2,13020.83,13020.83,1993700,May,2008
5-May-08,13056.57,13058.45,12939.74,12969.54,12969.54,1978100,May,2008
2-May-08,13012.53,13132.46,12981.83,13058.2,13058.2,2054100,May,2008
1-May-08,12818.34,13029.05,12793.1,13010,13010,2454800,May,2008
30-Apr-08,12831.45,13010,12808.98,12820.13,12820.13,2550700,Apr,2008
29-Apr-08,12870.37,12889.83,12804.66,12831.94,12831.94,2180200,Apr,2008
28-Apr-08,12890.76,12938.76,12857.5,12871.75,12871.75,2223000,Apr,2008
25-Apr-08,12848.38,12909.2,12742.78,12891.86,12891.86,2407600,Apr,2008
24-Apr-08,12764.68,12942.26,12706.63,12848.95,12848.95,2499200,Apr,2008
23-Apr-08,12721.45,12837.39,12703.05,12763.22,12763.22,2441200,Apr,2008
22-Apr-08,12825.02,12825.26,12656.56,12720.23,12720.23,2149500,Apr,2008
21-Apr-08,12850.91,12850.91,12751.17,12825.02,12825.02,1924000,Apr,2008
18-Apr-08,12626.76,12893.98,12626.76,12849.36,12849.36,3040300,Apr,2008
17-Apr-08,12617.4,12656.56,12563.25,12620.49,12620.49,2170000,Apr,2008
16-Apr-08,12371.51,12625.78,12371.51,12619.27,12619.27,2694900,Apr,2008
15-Apr-08,12302.06,12387.79,12269.81,12362.47,12362.47,2089500,Apr,2008
14-Apr-08,12324.77,12367.6,12280.4,12302.06,12302.06,2160100,Apr,2008
11-Apr-08,12579.78,12580.27,12302.06,12325.42,12325.42,2868500,Apr,2008
10-Apr-08,12526.78,12649.31,12497.22,12581.98,12581.98,2273300,Apr,2008
9-Apr-08,12574.65,12621.55,12468.97,12527.26,12527.26,1949500,Apr,2008
8-Apr-08,12602.66,12607.3,12525.8,12576.44,12576.44,1972000,Apr,2008
7-Apr-08,12612.59,12733.66,12583.28,12612.43,12612.43,1980700,Apr,2008
4-Apr-08,12626.03,12688.48,12528.16,12609.42,12609.42,1812600,Apr,2008
3-Apr-08,12605.83,12675.12,12527.75,12626.03,12626.03,1838700,Apr,2008
2-Apr-08,12651.67,12696.29,12555.17,12608.92,12608.92,2327600,Apr,2008
1-Apr-08,12266.64,12659.82,12266.47,12654.36,12654.36,2955300,Apr,2008
31-Mar-08,12215.92,12326.47,12176.11,12262.89,12262.89,2736100,Mar,2008
28-Mar-08,12303.92,12382.16,12196.87,12216.4,12216.4,2090000,Mar,2008
27-Mar-08,12421.88,12476.76,12293.34,12302.46,12302.46,2353900,Mar,2008
26-Mar-08,12531.79,12531.95,12376.7,12422.86,12422.86,2350200,Mar,2008
25-Mar-08,12547.34,12571.84,12449.08,12532.6,12532.6,2376500,Mar,2008
24-Mar-08,12361.97,12622.07,12361.97,12548.64,12548.64,2643200,Mar,2008
20-Mar-08,12102.43,12378.74,12097.87,12361.32,12361.32,5026500,Mar,2008
19-Mar-08,12391.52,12461.53,12095.1,12099.66,12099.66,3284600,Mar,2008
18-Mar-08,11975.92,12392.66,11975.84,12392.66,12392.66,3677800,Mar,2008
17-Mar-08,11946.45,12076.22,11756.6,11972.25,11972.25,3828900,Mar,2008
14-Mar-08,12146.39,12193.61,11832.72,11951.09,11951.09,3808100,Mar,2008
13-Mar-08,12096.49,12215.35,11875.78,12145.74,12145.74,3362600,Mar,2008
12-Mar-08,12148.61,12303.35,12092.25,12110.24,12110.24,2881300,Mar,2008
11-Mar-08,11741.33,12160.8,11741.01,12156.81,12156.81,3723300,Mar,2008
10-Mar-08,11893.04,11926.5,11731.6,11740.15,11740.15,3120200,Mar,2008
7-Mar-08,12039.09,12094.21,11819.69,11893.69,11893.69,3075800,Mar,2008
6-Mar-08,12254.59,12254.59,12026.07,12040.39,12040.39,2831000,Mar,2008
5-Mar-08,12204.93,12349.67,12140.53,12254.99,12254.99,3045700,Mar,2008
4-Mar-08,12259.14,12259.23,12032.42,12213.8,12213.8,3477200,Mar,2008
3-Mar-08,12264.36,12281.37,12161.05,12258.9,12258.9,2597300,Mar,2008
29-Feb-08,12579.58,12580.15,12223.57,12266.39,12266.39,3518700,Feb,2008
28-Feb-08,12689.28,12689.44,12536.43,12582.18,12582.18,2472700,Feb,2008
27-Feb-08,12683.54,12756.56,12609.37,12694.28,12694.28,2637200,Feb,2008
26-Feb-08,12569.48,12734.18,12512.41,12684.92,12684.92,2917600,Feb,2008
25-Feb-08,12380.77,12584.62,12341.04,12570.22,12570.22,2886000,Feb,2008
22-Feb-08,12281.09,12397.79,12155.26,12381.02,12381.02,3070900,Feb,2008
21-Feb-08,12426.85,12503.46,12247.34,12284.3,12284.3,2934200,Feb,2008
20-Feb-08,12333.31,12464.06,12227.72,12427.26,12427.26,2979900,Feb,2008
19-Feb-08,12349.59,12505.25,12304.08,12337.22,12337.22,2575500,Feb,2008
15-Feb-08,12376.66,12376.66,12278.62,12348.21,12348.21,2898000,Feb,2008
14-Feb-08,12551.51,12557.61,12361.46,12376.98,12376.98,2337900,Feb,2008
13-Feb-08,12368.12,12573.13,12367.8,12552.24,12552.24,2363000,Feb,2008
12-Feb-08,12241.56,12469.41,12241.56,12373.41,12373.41,2569700,Feb,2008
11-Feb-08,12181.89,12252.12,12069.47,12240.01,12240.01,2681000,Feb,2008
8-Feb-08,12248.47,12281.88,12103.37,12182.13,12182.13,2622000,Feb,2008
7-Feb-08,12196.2,12332.52,12120.44,12247,12247,3262000,Feb,2008
6-Feb-08,12257.25,12390.32,12178.15,12200.1,12200.1,2963600,Feb,2008
5-Feb-08,12631.85,12631.93,12264.07,12265.13,12265.13,3343800,Feb,2008
4-Feb-08,12743.11,12749.78,12621.83,12635.16,12635.16,2374100,Feb,2008
1-Feb-08,12638.17,12767.74,12602.32,12743.19,12743.19,3795800,Feb,2008
31-Jan-08,12438.28,12702.38,12249.93,12650.36,12650.36,3943300,Jan,2008
30-Jan-08,12480.14,12681.41,12406.17,12442.83,12442.83,3346800,Jan,2008
29-Jan-08,12385.19,12503.15,12346.99,12480.3,12480.3,2850900,Jan,2008
28-Jan-08,12205.71,12386.01,12112.14,12383.89,12383.89,2789900,Jan,2008
25-Jan-08,12391.7,12486.89,12183.68,12207.17,12207.17,3936600,Jan,2008
24-Jan-08,12272.69,12399.18,12241.8,12378.61,12378.61,3879000,Jan,2008
23-Jan-08,11969.08,12276.67,11644.81,12270.17,12270.17,5365200,Jan,2008
22-Jan-08,12092.72,12092.72,11634.82,11971.19,11971.19,5065000,Jan,2008
18-Jan-08,12159.94,12341.54,12022.48,12099.3,12099.3,4833000,Jan,2008
17-Jan-08,12467.05,12517.61,12125.56,12159.21,12159.21,4398300,Jan,2008
16-Jan-08,12476.81,12613.13,12392.27,12466.16,12466.16,5000400,Jan,2008
15-Jan-08,12777.5,12777.5,12488.76,12501.11,12501.11,3397000,Jan,2008
14-Jan-08,12613.78,12794.57,12613.7,12778.15,12778.15,2453700,Jan,2008
11-Jan-08,12850.74,12851.14,12543.87,12606.3,12606.3,3018900,Jan,2008
10-Jan-08,12733.11,12931.29,12632.15,12853.09,12853.09,3253300,Jan,2008
9-Jan-08,12590.21,12738.64,12501.76,12735.31,12735.31,3329000,Jan,2008
8-Jan-08,12820.9,12906.42,12565.41,12589.07,12589.07,3226900,Jan,2008
7-Jan-08,12801.15,12884.15,12733.84,12827.49,12827.49,3067000,Jan,2008
4-Jan-08,13046.56,13046.72,12789.04,12800.18,12800.18,3042100,Jan,2008
3-Jan-08,13044.12,13137.93,13023.56,13056.72,13056.72,2006200,Jan,2008
2-Jan-08,13261.82,13279.54,12991.37,13043.96,13043.96,2395800,Jan,2008
