,index,Year,Month,State,Value,State Code
0,0,2006,April,Alabama,-0.022594606200431785,AL
1,1,2007,April,Alabama,-0.007017308224000013,AL
2,2,2008,April,Alabama,0.002997161644951056,AL
3,3,2009,April,Alabama,0.009359339636012437,AL
4,4,2010,April,Alabama,0.010793106166867164,AL
5,5,2011,April,Alabama,0.008926689452110956,AL
6,6,2012,April,Alabama,0.0072049506123373205,AL
7,7,2013,April,Alabama,0.004866571423140186,AL
8,8,2014,April,Alabama,0.008857282642892091,AL
9,9,2015,April,Alabama,0.006914576019021393,AL
10,10,2016,April,Alabama,0.002712850941143517,AL
11,11,2017,April,Alabama,-0.003752865919173813,AL
12,12,2018,April,Alabama,-0.006541814324301789,AL
13,13,2019,April,Alabama,-0.008165732245532967,AL
14,14,2020,April,Alabama,0.0068367372938660095,AL
15,15,2006,April,Alaska,-0.015369852396674566,AK
16,16,2007,April,Alaska,0.006513948150683321,AK
17,17,2008,April,Alaska,0.005894629959527799,AK
18,18,2009,April,Alaska,0.003346935325617015,AK
19,19,2010,April,Alaska,0.003935634508365175,AK
20,20,2011,April,Alaska,0.0031195013947293297,AK
21,21,2012,April,Alaska,0.001665017199760117,AK
22,22,2013,April,Alaska,0.0032117461582676157,AK
23,23,2014,April,Alaska,0.0018106091331396735,AK
24,24,2015,April,Alaska,0.004768163326269875,AK
25,25,2016,April,Alaska,0.006767136496977253,AK
26,26,2017,April,Alaska,0.009559726323254551,AK
27,27,2018,April,Alaska,0.012808590011040226,AK
28,28,2019,April,Alaska,0.013016918852244166,AK
29,29,2020,April,Alaska,0.007036349149543114,AK
30,30,2006,April,Arizona,-0.024758994908238418,AZ
31,31,2007,April,Arizona,-0.006630075483271289,AZ
32,32,2008,April,Arizona,-0.005160985885583279,AZ
33,33,2009,April,Arizona,0.009356836915273566,AZ
34,34,2010,April,Arizona,0.010791256874912662,AZ
35,35,2011,April,Arizona,0.008924991805327643,AZ
36,36,2012,April,Arizona,0.007203539718994263,AZ
37,37,2013,April,Arizona,0.009244381956965196,AZ
38,38,2014,April,Arizona,0.003688517799126297,AZ
39,39,2015,April,Arizona,0.00691434657218466,AZ
40,40,2016,April,Arizona,0.002712822678027315,AZ
41,41,2017,April,Arizona,0.005180827377510806,AZ
42,42,2018,April,Arizona,-0.006541814033600414,AZ
43,43,2019,April,Arizona,0.007797757591783374,AZ
44,44,2020,April,Arizona,0.008288840997463857,AZ
45,45,2006,April,Arkansas,-0.015378913336255087,AR
46,46,2007,April,Arkansas,0.006671865591896782,AR
47,47,2008,April,Arkansas,0.006012954168629818,AR
48,48,2009,April,Arkansas,0.007044067145350613,AR
49,49,2010,April,Arkansas,0.007287265328764033,AR
50,50,2011,April,Arkansas,0.00687714772659926,AR
51,51,2012,April,Arkansas,0.004899865699322064,AR
52,52,2013,April,Arkansas,0.006521277895844725,AR
53,53,2014,April,Arkansas,0.005564054993688989,AR
54,54,2015,April,Arkansas,0.003116484672048561,AR
55,55,2016,April,Arkansas,-0.0013573930262393704,AR
56,56,2017,April,Arkansas,-0.0066036137911183795,AR
57,57,2018,April,Arkansas,-0.005293222407718089,AR
58,58,2019,April,Arkansas,-0.004609461064048764,AR
59,59,2020,April,Arkansas,0.00915845799858872,AR
60,60,2006,April,Colorado,-0.020419043120194137,CO
61,61,2007,April,Colorado,0.0005705168486823857,CO
62,62,2008,April,Colorado,0.004978568721619811,CO
63,63,2009,April,Colorado,0.008879375305329914,CO
64,64,2010,April,Colorado,0.010640159063442723,CO
65,65,2011,April,Colorado,0.008452662492385727,CO
66,66,2012,April,Colorado,0.010421475809828048,CO
67,67,2013,April,Colorado,0.008165869840600288,CO
68,68,2014,April,Colorado,0.005238520288262357,CO
69,69,2015,April,Colorado,-0.004979802811443584,CO
70,70,2016,April,Colorado,-0.005417683194550545,CO
71,71,2017,April,Colorado,-0.01099057645435962,CO
72,72,2018,April,Colorado,-0.0018282079982826923,CO
73,73,2019,April,Colorado,-0.00984836505755992,CO
74,74,2020,April,Colorado,0.008959085784789239,CO
75,75,2006,April,Connecticut,-0.011606134640777048,CT
76,76,2007,April,Connecticut,-0.003210983954059163,CT
77,77,2008,April,Connecticut,0.0025332595276374697,CT
78,78,2009,April,Connecticut,0.005204119605811296,CT
79,79,2010,April,Connecticut,0.007453495793844381,CT
80,80,2011,April,Connecticut,0.008931808700526766,CT
81,81,2012,April,Connecticut,0.007212065746542677,CT
82,82,2013,April,Connecticut,0.009250397995230095,CT
83,83,2014,April,Connecticut,0.003692329699669628,CT
84,84,2015,April,Connecticut,0.0009700759777462176,CT
85,85,2016,April,Connecticut,0.002712994315526625,CT
86,86,2017,April,Connecticut,-0.0037528608382370633,CT
87,87,2018,April,Connecticut,-0.006541815805943529,CT
88,88,2019,April,Connecticut,-0.008165731422906383,CT
89,89,2020,April,Connecticut,-0.009339020182437359,CT
90,90,2006,April,Delaware,-0.020331576175873643,DE
91,91,2007,April,Delaware,-0.0030391000489525073,DE
92,92,2008,April,Delaware,-0.0017772069368850454,DE
93,93,2009,April,Delaware,0.007615932337837841,DE
94,94,2010,April,Delaware,0.00713750698380642,DE
95,95,2011,April,Delaware,0.006294340209021765,DE
96,96,2012,April,Delaware,0.004895620851583505,DE
97,97,2013,April,Delaware,0.0044907568735699024,DE
98,98,2014,April,Delaware,0.003364885514629165,DE
99,99,2015,April,Delaware,-0.002832699770540324,DE
100,100,2016,April,Delaware,-0.0013573078232121485,DE
101,101,2017,April,Delaware,0.0007791352651649849,DE
102,102,2018,April,Delaware,-0.005293221529952815,DE
103,103,2019,April,Delaware,-0.0046094615542969595,DE
104,104,2020,April,Delaware,0.0076438969415135675,DE
105,105,2006,April, District of Columbia,-0.015369852396674566,
106,106,2007,April, District of Columbia,0.0062735462396975705,
107,107,2008,April, District of Columbia,0.005894629959527799,
108,108,2009,April, District of Columbia,0.007524044212106834,
109,109,2010,April, District of Columbia,0.009199726948592193,
110,110,2011,April, District of Columbia,0.010979534977969009,
111,111,2012,April, District of Columbia,0.009604721427881244,
112,112,2013,April, District of Columbia,0.0075956634979005904,
113,113,2014,April, District of Columbia,0.006985547902457046,
114,114,2015,April, District of Columbia,0.01069799582391145,
115,115,2016,April, District of Columbia,0.006767136496977253,
116,116,2017,April, District of Columbia,0.009559726323254551,
117,117,2018,April, District of Columbia,0.011422126760923334,
118,118,2019,April, District of Columbia,0.013016918852244166,
119,119,2020,April, District of Columbia,0.007036349149543114,
120,120,2006,April,Florida,-0.03581824202622562,FL
121,121,2007,April,Florida,-0.002651867308223784,FL
122,122,2008,April,Florida,-0.0018681888415676183,FL
123,123,2009,April,Florida,0.007613436009247106,FL
124,124,2010,April,Florida,0.012384540926236032,FL
125,125,2011,April,Florida,0.014128166727187138,FL
126,126,2012,April,Florida,0.008813391207501233,FL
127,127,2013,April,Florida,0.0065172921594352385,FL
128,128,2014,April,Florida,0.005561523196229179,FL
129,129,2015,April,Florida,0.0031155648770600838,FL
130,130,2016,April,Florida,-0.0013572796988553994,FL
131,131,2017,April,Florida,0.0007791362645064821,FL
132,132,2018,April,Florida,-0.005293221241154004,FL
133,133,2019,April,Florida,-0.004609461715465672,FL
134,134,2020,April,Florida,0.009094775001226595,FL
135,135,2006,April,Georgia,-0.01752239100763639,GA
136,136,2007,April,Georgia,0.0016221169642155794,GA
137,137,2008,April,Georgia,0.009280209515717876,GA
138,138,2009,April,Georgia,0.012936551478176012,GA
139,139,2010,April,Georgia,0.0107949598357432,GA
140,140,2011,April,Georgia,0.012556747412890682,GA
141,141,2012,April,Georgia,0.011213149878207526,GA
142,142,2013,April,Georgia,0.009246374834870029,GA
143,143,2014,April,Georgia,0.00885791678610664,GA
144,144,2015,April,Georgia,0.0069148064739688354,GA
145,145,2016,April,Georgia,0.0027128793423677137,GA
146,146,2017,April,Georgia,-0.003752864914177029,GA
147,147,2018,April,Georgia,-0.0065418146168940575,GA
148,148,2019,April,Georgia,-0.008165732083235708,GA
149,149,2020,April,Georgia,0.007343542680406851,GA
150,150,2006,April,Hawaii,-0.04823826864178528,HI
151,151,2007,April,Hawaii,-0.0034861079385568217,HI
152,152,2008,April,Hawaii,-0.005759960734486251,HI
153,153,2009,April,Hawaii,0.00875212440740536,HI
154,154,2010,April,Hawaii,0.009008224355578277,HI
155,155,2011,April,Hawaii,0.008329692162170674,HI
156,156,2012,April,Hawaii,0.007285095063851975,HI
157,157,2013,April,Hawaii,-0.008270313558998174,HI
158,158,2014,April,Hawaii,-0.006654998816773638,HI
159,159,2015,April,Hawaii,-0.0066214928854876065,HI
160,160,2016,April,Hawaii,-0.005417435150934336,HI
161,161,2017,April,Hawaii,-0.010990585188788952,HI
162,162,2018,April,Hawaii,-0.010180853606251185,HI
163,163,2019,April,Hawaii,-0.009848366466538621,HI
164,164,2020,April,Hawaii,0.02465642062509801,HI
165,165,2006,April,Idaho,-0.02041736010214653,ID
166,166,2007,April,Idaho,-0.007278478448267608,ID
167,167,2008,April,Idaho,0.0048866822563567135,ID
168,168,2009,April,Idaho,0.009456587562918542,ID
169,169,2010,April,Idaho,0.008738292103193391,ID
170,170,2011,April,Idaho,0.008454364531306819,ID
171,171,2012,April,Idaho,0.006508298186502446,ID
172,172,2013,April,Idaho,0.008166867846096961,ID
173,173,2014,April,Idaho,-0.006661183652946893,ID
174,174,2015,April,Idaho,-0.0066237309412718786,ID
175,175,2016,April,Idaho,-0.005417711457666747,ID
176,176,2017,April,Idaho,-0.0036298841477313813,ID
177,177,2018,April,Idaho,-0.010180856426199729,ID
178,178,2019,April,Idaho,-0.00984836489526266,ID
179,179,2020,April,Idaho,0.009465163635220248,ID
180,180,2006,April,Illinois,-0.031306306707858375,IL
181,181,2007,April,Illinois,-0.004046935824633643,IL
182,182,2008,April,Illinois,-0.006562902233837162,IL
183,183,2009,April,Illinois,0.007511530688918902,IL
184,184,2010,April,Illinois,0.009190480540313314,IL
185,185,2011,April,Illinois,0.0073386015315511565,IL
186,186,2012,April,Illinois,0.009597646719878141,IL
187,187,2013,April,Illinois,0.011961109723501059,IL
188,188,2014,April,Illinois,0.006982389125041768,IL
189,189,2015,April,Illinois,0.00476701611362764,IL
190,190,2016,April,Illinois,0.006766994494083197,IL
191,191,2017,April,Illinois,0.008154560024516772,IL
192,192,2018,April,Illinois,-0.00998650473407019,IL
193,193,2019,April,Illinois,-0.011354028604220846,IL
194,194,2020,April,Illinois,0.011721287563097052,IL
195,195,2006,April,Indiana,-0.028465214512381626,IN
196,196,2007,April,Indiana,0.003930363413344104,IN
197,197,2008,April,Indiana,0.006562902233837162,IN
198,198,2009,April,Indiana,0.014757482903310956,IN
199,199,2010,April,Indiana,0.012380855514334842,IN
200,200,2011,April,Indiana,0.006866975146426306,IN
201,201,2012,April,Indiana,0.008810581646191775,IN
202,202,2013,April,Indiana,0.010888992729562908,IN
203,203,2014,April,Indiana,0.0055602716418023295,IN
204,204,2015,April,Indiana,-0.002832020585439735,IN
205,205,2016,April,Indiana,-0.0013572238690570553,IN
206,206,2017,April,Indiana,-0.006603619769863894,IN
207,207,2018,April,Indiana,-0.00529322066931149,IN
208,208,2019,April,Indiana,-0.0046094620343876715,IN
209,209,2020,April,Indiana,0.013329471272203318,IN
210,210,2006,April,Iowa,-0.02041736010214653,IA
211,211,2007,April,Iowa,0.0001788134405959455,IA
212,212,2008,April,Iowa,-0.0048662738574214645,IA
213,213,2009,April,Iowa,0.008776797349102155,IA
214,214,2010,April,Iowa,0.009026429804923224,IA
215,215,2011,April,Iowa,-0.008802809239256106,IA
216,216,2012,April,Iowa,-0.00807842642264266,IA
217,217,2013,April,Iowa,-0.0082800558151519,IA
218,218,2014,April,Iowa,-0.006661183652946893,IA
219,219,2015,April,Iowa,-0.0066237309412718786,IA
220,220,2016,April,Iowa,-0.005417711457666747,IA
221,221,2017,April,Iowa,-0.0036298841477313813,IA
222,222,2018,April,Iowa,-0.010180856426199729,IA
223,223,2019,April,Iowa,-0.00984836489526266,IA
224,224,2020,April,Iowa,0.009465163635220248,IA
225,225,2006,April,Kansas,-0.018156013095635998,KS
226,226,2007,April,Kansas,0.0023769740987146628,KS
227,227,2008,April,Kansas,-0.0016857716776041511,KS
228,228,2009,April,Kansas,0.006929316223260193,KS
229,229,2010,April,Kansas,0.007283571132075219,KS
230,230,2011,April,Kansas,-0.006757648554387479,KS
231,231,2012,April,Kansas,-0.006458021386113301,KS
232,232,2013,April,Kansas,-0.00556118479814168,KS
233,233,2014,April,Kansas,-0.004780750326423439,KS
234,234,2015,April,Kansas,-0.0028329282049581557,KS
235,235,2016,April,Kansas,-0.00135733608632835,KS
236,236,2017,April,Kansas,-0.006603615806736995,KS
237,237,2018,April,Kansas,-0.005293221820654189,KS
238,238,2019,April,Kansas,-0.004609461391999699,KS
239,239,2020,April,Kansas,0.00815192613714168,KS
240,240,2006,April,Kentucky,-0.026202184487823483,KY
241,241,2007,April,Kentucky,0.00031599838885286533,KY
242,242,2008,April,Kentucky,0.0032701051898215024,KY
243,243,2009,April,Kentucky,0.012926527875247987,KY
244,244,2010,April,Kentucky,0.01078757146301147,KY
245,245,2011,April,Kentucky,0.008921609733279927,KY
246,246,2012,April,Kentucky,0.007200730157684804,KY
247,247,2013,April,Kentucky,0.009242401650395535,KY
248,248,2014,April,Kentucky,0.008855394522144651,KY
249,249,2015,April,Kentucky,0.0009682364564138408,KY
250,250,2016,April,Kentucky,0.0027127665687309032,KY
251,251,2017,April,Kentucky,0.0051808293705079425,KY
252,252,2018,April,Kentucky,-0.0065418134579171726,KY
253,253,2019,April,Kentucky,0.007797757912984836,KY
254,254,2020,April,Kentucky,0.01252599408266752,KY
255,255,2006,April,Louisiana,-0.02484688552868193,LA
256,256,2007,April,Louisiana,-0.005208621731176644,LA
257,257,2008,April,Louisiana,-0.008347661781134328,LA
258,258,2009,April,Louisiana,-0.0032229089560073198,LA
259,259,2010,April,Louisiana,-0.0040685948289153825,LA
260,260,2011,April,Louisiana,0.003116110504562402,LA
261,261,2012,April,Louisiana,0.0016621913533481462,LA
262,262,2013,April,Louisiana,-0.0011720305248618804,LA
263,263,2014,April,Louisiana,-0.003364885514629165,LA
264,264,2015,April,Louisiana,0.004767701412535964,LA
265,265,2016,April,Louisiana,0.006767079282780346,LA
266,266,2017,April,Louisiana,0.00815455702652285,LA
267,267,2018,April,Louisiana,-0.009986505600454807,LA
268,268,2019,April,Louisiana,-0.011354028120722124,LA
269,269,2020,April,Louisiana,0.00602835383713118,LA
270,270,2006,April,Maine,-0.013825852748361423,ME
271,271,2007,April,Maine,0.00281048279021874,ME
272,272,2008,April,Maine,0.004701564201282914,ME
273,273,2009,April,Maine,0.00946162482063045,ME
274,274,2010,April,Maine,0.008742003807616574,ME
275,275,2011,April,Maine,0.007884147759692973,ME
276,276,2012,April,Maine,0.006511140226009719,ME
277,277,2013,April,Maine,0.006146455075863961,ME
278,278,2014,April,Maine,0.005240422709191858,ME
279,279,2015,April,Maine,-0.0049804941720142295,ME
280,280,2016,April,Maine,-0.0054177683975777675,ME
281,281,2017,April,Maine,-0.0036298821208925946,ME
282,282,2018,April,Maine,-0.0018282088816861906,ME
283,283,2019,April,Maine,-0.009848364567311724,ME
284,284,2020,April,Maine,-0.0104677841088573,ME
285,285,2006,April,Maryland,-0.011562822723803278,MD
286,286,2007,April,Maryland,-0.0046103240961382465,MD
287,287,2008,April,Maryland,-0.007974848893274648,MD
288,288,2009,April,Maryland,0.007046582602163181,MD
289,289,2010,April,Maryland,0.007289118997640068,MD
290,290,2011,April,Maryland,0.0063011395579642025,MD
291,291,2012,April,Maryland,0.005687422055273103,MD
292,292,2013,April,Maryland,0.0044947426099793885,MD
293,293,2014,April,Maryland,0.0033674173120889755,MD
294,294,2015,April,Maryland,0.0031167171304384263,MD
295,295,2016,April,Maryland,-0.0013574217017494538,MD
296,296,2017,April,Maryland,0.0007791312115469381,MD
297,297,2018,April,Maryland,-0.005293222704057689,MD
298,298,2019,April,Maryland,-0.004609460898409464,MD
299,299,2020,April,Maryland,-0.00965695851642457,MD
300,300,2006,April,Massachusetts,-0.026790997355050087,MA
301,301,2007,April,Massachusetts,0.003930363413344104,MA
302,302,2008,April,Massachusetts,-0.002048783889570996,MA
303,303,2009,April,Massachusetts,0.0070291085285900156,MA
304,304,2010,April,Massachusetts,0.007131998696641974,MA
305,305,2011,April,Massachusetts,0.0062892870127594855,MA
306,306,2012,April,Massachusetts,0.005677574463076881,MA
307,307,2013,April,Massachusetts,0.004487800639927134,MA
308,308,2014,April,Massachusetts,0.0033630118001907448,MA
309,309,2015,April,Massachusetts,0.0031151110628992703,MA
310,310,2016,April,Massachusetts,-0.0013572238690570553,MA
311,311,2017,April,Massachusetts,-0.006603619769863894,MA
312,312,2018,April,Massachusetts,-0.00529322066931149,MA
313,313,2019,April,Massachusetts,-0.0046094620343876715,MA
314,314,2020,April,Massachusetts,0.013329471272203318,MA
315,315,2006,April,Michigan,-0.04581001272297963,MI
316,316,2007,April,Michigan,0.0058806358755491405,MI
317,317,2008,April,Michigan,0.01662053707001097,MI
318,318,2009,April,Michigan,0.023578717076141332,MI
319,319,2010,April,Michigan,0.017441352183769104,MI
320,320,2011,April,Michigan,0.012538219613728658,MI
321,321,2012,April,Michigan,0.011197765431800441,MI
322,322,2013,April,Michigan,0.009235570720016656,MI
323,323,2014,April,Michigan,0.00885107352340072,MI
324,324,2015,April,Michigan,0.0009666806492082123,MI
325,325,2016,April,Michigan,0.0027125746344111067,MI
326,326,2017,April,Michigan,-0.003752875652944643,MI
327,327,2018,April,Michigan,-0.0065418115043532465,MI
328,328,2019,April,Michigan,0.007797759000762075,MI
329,329,2020,April,Michigan,0.02725545157983376,MI
330,330,2006,April,Minnesota,-0.01603292939706558,MN
331,331,2007,April,Minnesota,0.00281048279021874,MN
332,332,2008,April,Minnesota,0.004701564201282914,MN
333,333,2009,April,Minnesota,0.00946162482063045,MN
334,334,2010,April,Minnesota,0.008890007834351977,MN
335,335,2011,April,Minnesota,0.008349824241488247,MN
336,336,2012,April,Minnesota,-0.00808125226905463,MN
337,337,2013,April,Minnesota,-0.007220987548413434,MN
338,338,2014,April,Minnesota,-0.006662449560423106,MN
339,339,2015,April,Minnesota,-0.006624190843056055,MN
340,340,2016,April,Minnesota,-0.0054177683975777675,MN
341,341,2017,April,Minnesota,-0.0036298821208925946,MN
342,342,2018,April,Minnesota,-0.0018282088816861906,MN
343,343,2019,April,Minnesota,-0.001031032898539143,MN
344,344,2020,April,Minnesota,-0.0104677841088573,MN
345,345,2006,April,Mississippi,-0.024138605848744932,MS
346,346,2007,April,Mississippi,0.00493387891659372,MS
347,347,2008,April,Mississippi,0.00626306973914559,MS
348,348,2009,April,Mississippi,0.0075140206091788096,MS
349,349,2010,April,Mississippi,0.009192321047480195,MS
350,350,2011,April,Mississippi,0.007340290360215256,MS
351,351,2012,April,Mississippi,0.005587701613120545,MS
352,352,2013,April,Mississippi,0.007591677761491102,MS
353,353,2014,April,Mississippi,0.006983016104997235,MS
354,354,2015,April,Mississippi,0.004767243531281399,MS
355,355,2016,April,Mississippi,0.006767022618439946,MS
356,356,2017,April,Mississippi,0.008154559030861132,MS
357,357,2018,April,Mississippi,-0.00998650502095462,MS
358,358,2019,April,Mississippi,0.01301691950813166,MS
359,359,2020,April,Mississippi,0.009603073660330608,MS
360,360,2006,April,Missouri,-0.018156013095635998,MO
361,361,2007,April,Missouri,0.0023769740987146628,MO
362,362,2008,April,Missouri,0.006198072223703617,MO
363,363,2009,April,Missouri,0.007618435058576713,MO
364,364,2010,April,Missouri,0.009046875012119352,MO
365,365,2011,April,Missouri,0.00687373926782375,MO
366,366,2012,April,Missouri,0.004897031744926564,MO
367,367,2013,April,Missouri,0.004491748603159423,MO
368,368,2014,April,Missouri,0.00556278433702115,MO
369,369,2015,April,Missouri,0.0031160227583146485,MO
370,370,2016,April,Missouri,-0.00135733608632835,MO
371,371,2017,April,Missouri,-0.006603615806736995,MO
372,372,2018,April,Missouri,-0.005293221820654189,MO
373,373,2019,April,Missouri,-0.004609461391999699,MO
374,374,2020,April,Missouri,0.00815192613714168,MO
375,375,2006,April,Montana,-0.02268039012670468,MT
376,376,2007,April,Montana,-0.003820277622334297,MT
377,377,2008,April,Montana,-0.0015938852123410525,MT
378,378,2009,April,Montana,0.007041558048564766,MT
379,379,2010,April,Montana,0.00728541603680953,MT
380,380,2011,April,Montana,-0.006759341797771096,MT
381,381,2012,April,Montana,-0.00645942820819716,MT
382,382,2013,April,Montana,-0.005562176527731201,MT
383,383,2014,April,Montana,-0.004781379702953748,MT
384,384,2015,April,Montana,-0.002833157651794888,MT
385,385,2016,April,Montana,-0.0013573644875525472,MT
386,386,2017,April,Montana,0.0007791332495463697,MT
387,387,2018,April,Montana,-0.0052932221132464576,MT
388,388,2019,April,Montana,-0.004609461228581223,MT
389,389,2020,April,Montana,0.008656780178485417,MT
390,390,2006,April,Nebraska,-0.011604451622729444,NE
391,391,2007,April,Nebraska,-0.008858547682357209,NE
392,392,2008,April,Nebraska,-0.004496041944291822,NE
393,393,2009,April,Nebraska,-0.008549553645618577,NE
394,394,2010,April,Nebraska,-0.009290384178509758,NE
395,395,2011,April,Nebraska,-0.009256672153993544,NE
396,396,2012,April,Nebraska,-0.009608909034726642,NE
397,397,2013,April,Nebraska,-0.009331602458928627,NE
398,398,2014,April,Nebraska,-0.008066992753503085,NE
399,399,2015,April,Nebraska,-0.00662465476023239,NE
400,400,2016,April,Nebraska,-0.005417825884787749,NE
401,401,2017,April,Nebraska,-0.010990571401400076,NE
402,402,2018,April,Nebraska,-0.010180857607799548,NE
403,403,2019,April,Nebraska,-0.001031032563968129,NE
404,404,2020,April,Nebraska,-0.011457683705191724,NE
405,405,2006,April,Nevada,-0.058097199862945335,NV
406,406,2007,April,Nevada,0.0007468391977688543,NV
407,407,2008,April,Nevada,-0.007697266216247744,NV
408,408,2009,April,Nevada,0.014629248745450518,NV
409,409,2010,April,Nevada,0.01916624178135106,NV
410,410,2011,April,Nevada,0.0217905119439832,NV
411,411,2012,April,Nevada,0.021545493837724687,NV
412,412,2013,April,Nevada,0.01630536399188787,NV
413,413,2014,April,Nevada,0.012130596939475843,NV
414,414,2015,April,Nevada,0.010693968082910224,NV
415,415,2016,April,Nevada,0.006766641812606777,NV
416,416,2017,April,Nevada,0.008154572410088429,NV
417,417,2018,April,Nevada,-0.009986501184439832,NV
418,418,2019,April,Nevada,-0.011354030577707045,NV
419,419,2020,April,Nevada,0.03896665660715202,NV
420,420,2006,April,New Hampshire,-0.033445905851835184,NH
421,421,2007,April,New Hampshire,0.0018841754991254641,NH
422,422,2008,April,New Hampshire,-0.008611691855494801,NH
423,423,2009,April,New Hampshire,0.010495289227693437,NH
424,424,2010,April,New Hampshire,0.010618160290139384,NH
425,425,2011,April,New Hampshire,-0.010381492229591643,NH
426,426,2012,April,New Hampshire,0.009685864541584056,NH
427,427,2013,April,New Hampshire,0.008865780113368159,NH
428,428,2014,April,New Hampshire,-0.008531066222572251,NH
429,429,2015,April,New Hampshire,-0.008769473587325409,NH
430,430,2016,April,New Hampshire,-0.009459364910843154,NH
431,431,2017,April,New Hampshire,-0.008016849740547494,NH
432,432,2018,April,New Hampshire,-0.006715841169465909,NH
433,433,2019,April,New Hampshire,-0.006269937695518451,NH
434,434,2020,April,New Hampshire,0.014932730249977929,NH
435,435,2006,April,New Jersey,-0.02905402737960823,NJ
436,436,2007,April,New Jersey,6.872764958613855e-05,NJ
437,437,2008,April,New Jersey,-0.005341580933586656,NJ
438,438,2009,April,New Jersey,0.0057681426158189275,NJ
439,439,2010,April,New Jersey,0.0074424132863622075,NJ
440,440,2011,April,New Jersey,0.008921609733279927,NJ
441,441,2012,April,New Jersey,0.01120749820838511,NJ
442,442,2013,April,New Jersey,0.009242401650395535,NJ
443,443,2014,April,New Jersey,0.0036872662446994467,NJ
444,444,2015,April,New Jersey,0.0069138907201130705,NJ
445,445,2016,April,New Jersey,0.0027127665687309032,NJ
446,446,2017,April,New Jersey,-0.003752868900109831,NJ
447,447,2018,April,New Jersey,-0.0065418134579171726,NJ
448,448,2019,April,New Jersey,-0.008165732725623681,NJ
449,449,2020,April,New Jersey,0.01252599408266752,NJ
450,450,2006,April,New Mexico,-0.01828689174336333,NM
451,451,2007,April,New Mexico,-0.012149622349857787,NM
452,452,2008,April,New Mexico,-0.014607291026266046,NM
453,453,2009,April,New Mexico,-0.003230397925596836,NM
454,454,2010,April,New Mexico,-0.004074129532771077,NM
455,455,2011,April,New Mexico,0.003121203433650423,NM
456,456,2012,April,New Mexico,0.0016664362010867036,NM
457,457,2013,April,New Mexico,-0.001175015132356233,NM
458,458,2014,April,New Mexico,0.0018112456465929614,NM
459,459,2015,April,New Mexico,0.004768395784659741,NM
460,460,2016,April,New Mexico,0.006767165308677151,NM
461,461,2017,April,New Mexico,0.009559725295935849,NM
462,462,2018,April,New Mexico,-0.009986506483858305,NM
463,463,2019,April,New Mexico,0.013016918685505077,NM
464,464,2020,April,New Mexico,-0.0075355884762159375,NM
465,465,2006,April,North Carolina,-0.01970907368352966,NC
466,466,2007,April,North Carolina,0.0012304135561291391,NC
467,467,2008,April,North Carolina,0.002997161644951056,NC
468,468,2009,April,North Carolina,0.016499678757974215,NC
469,469,2010,April,North Carolina,0.01413037903921124,NC
470,470,2011,April,North Carolina,0.012555040993036266,NC
471,471,2012,April,North Carolina,0.01121173087688094,NC
472,472,2013,April,North Carolina,0.009245376829373356,NC
473,473,2014,April,North Carolina,0.0036891471756566045,NC
474,474,2015,April,North Carolina,0.0009689187049924863,NC
475,475,2016,April,North Carolina,0.002712850941143517,NC
476,476,2017,April,North Carolina,-0.003752865919173813,NC
477,477,2018,April,North Carolina,-0.006541814324301789,NC
478,478,2019,April,North Carolina,-0.008165732245532967,NC
479,479,2020,April,North Carolina,0.0068367372938660095,NC
480,480,2006,April,North Dakota,-0.013824169730313815,ND
481,481,2007,April,North Dakota,-0.0010095523854072152,ND
482,482,2008,April,North Dakota,-0.011140688574756415,ND
483,483,2009,April,North Dakota,-0.00854704454883273,ND
484,484,2010,April,North Dakota,-0.009404978696933788,ND
485,485,2011,April,North Dakota,-0.009692731425529285,ND
486,486,2012,April,North Dakota,-0.013604555479057028,ND
487,487,2013,April,North Dakota,-0.013693561371396098,ND
488,488,2014,April,North Dakota,-0.013217235146613422,ND
489,489,2015,April,North Dakota,-0.012546008063946935,ND
490,490,2016,April,North Dakota,-0.00541779707308785,ND
491,491,2017,April,North Dakota,-0.010990572423182552,ND
492,492,2018,April,North Dakota,-0.010180857309603226,ND
493,493,2019,April,North Dakota,-0.009848364401672426,ND
494,494,2020,April,North Dakota,-0.0109643245668215,ND
495,495,2006,April, Ohio,-0.026202184487823483,
496,496,2007,April, Ohio,0.00031599838885286533,
497,497,2008,April, Ohio,0.0032701051898215024,
498,498,2009,April, Ohio,0.009351850666422922,
499,499,2010,April, Ohio,0.01078757146301147,
500,500,2011,April, Ohio,0.008921609733279927,
501,501,2012,April, Ohio,0.0032769813617821893,
502,502,2013,April, Ohio,0.004863605702051701,
503,503,2014,April, Ohio,0.0036872662446994467,
504,504,2015,April, Ohio,0.0009682364564138408,
505,505,2016,April, Ohio,0.0027127665687309032,
506,506,2017,April, Ohio,0.0051808293705079425,
507,507,2018,April, Ohio,-0.0065418134579171726,
508,508,2019,April, Ohio,0.007797757912984836,
509,509,2020,April, Ohio,0.01252599408266752,
510,510,2006,April,Oklahoma,-0.027020341914748964,OK
511,511,2007,April,Oklahoma,0.002768677506801103,OK
512,512,2008,April,Oklahoma,-0.008341488065400592,OK
513,513,2009,April,Oklahoma,0.0069268263030002825,OK
514,514,2010,April,Oklahoma,-0.007418075363134897,OK
515,515,2011,April,Oklahoma,-0.00720828906157897,OK
516,516,2012,April,Oklahoma,-0.0064566186468877,OK
517,517,2013,April,Oklahoma,-0.0055601962211615395,OK
518,518,2014,April,Oklahoma,-0.004780123346467972,OK
519,519,2015,April,Oklahoma,-0.002832699770540324,OK
520,520,2016,April,Oklahoma,-0.0013573078232121485,OK
521,521,2017,April,Oklahoma,0.0007791352651649849,OK
522,522,2018,April,Oklahoma,-0.005293221529952815,OK
523,523,2019,April,Oklahoma,-0.0046094615542969595,OK
524,524,2020,April,Oklahoma,0.0076438969415135675,OK
525,525,2006,April,Oregon,-0.021972103708087803,OR
526,526,2007,April,Oregon,0.00548349976589362,OR
527,527,2008,April,Oregon,0.006289958688966714,OR
528,528,2009,April,Oregon,0.018325933537203663,OR
529,529,2010,April,Oregon,0.012386390218190536,OR
530,530,2011,April,Oregon,0.01050561267667293,OR
531,531,2012,April,Oregon,0.008814802100844291,OR
532,532,2013,April,Oregon,0.010891967908540726,OR
533,533,2014,April,Oregon,0.005562152572759488,OR
534,534,2015,April,Oregon,0.003115793311477916,OR
535,535,2016,April,Oregon,-0.0013573078232121485,OR
536,536,2017,April,Oregon,-0.006603616806078492,OR
537,537,2018,April,Oregon,-0.005293221529952815,OR
538,538,2019,April,Oregon,-0.0046094615542969595,OR
539,539,2020,April,Oregon,0.0076438969415135675,OR
540,540,2006,April,Pennsylvania,-0.02905402737960823,PA
541,541,2007,April,Pennsylvania,6.872764958613855e-05,PA
542,542,2008,April,Pennsylvania,-0.005341580933586656,PA
543,543,2009,April,Pennsylvania,0.0057681426158189275,PA
544,544,2010,April,Pennsylvania,0.005531109859930066,PA
545,545,2011,April,Pennsylvania,0.004702204254746741,PA
546,546,2012,April,Pennsylvania,0.0032769813617821893,PA
547,547,2013,April,Pennsylvania,0.004863605702051701,PA
548,548,2014,April,Pennsylvania,0.0036872662446994467,PA
549,549,2015,April,Pennsylvania,0.0009682364564138408,PA
550,550,2016,April,Pennsylvania,0.0027127665687309032,PA
551,551,2017,April,Pennsylvania,0.0051808293705079425,PA
552,552,2018,April,Pennsylvania,-0.0065418134579171726,PA
553,553,2019,April,Pennsylvania,0.007797757912984836,PA
554,554,2020,April,Pennsylvania,0.01252599408266752,PA
555,555,2006,April,Rhode Island,-0.028344057942943757,RI
556,556,2007,April,Rhode Island,0.0003139851589932536,RI
557,557,2008,April,Rhode Island,0.0097373750687508,RI
558,558,2009,April,Rhode Island,0.016489655155046194,RI
559,559,2010,April,Rhode Island,0.014122990666479509,RI
560,560,2011,April,Rhode Island,0.016167264906577578,RI
561,561,2012,April,Rhode Island,0.015201514177710691,RI
562,562,2013,April,Rhode Island,0.013606712225688293,RI
563,563,2014,April,Rhode Island,0.014004112666723292,RI
564,564,2015,April,Rhode Island,0.006913664323606014,RI
565,565,2016,April,Rhode Island,0.002712738723872221,RI
566,566,2017,April,Rhode Island,-0.003752869882300713,RI
567,567,2018,April,Rhode Island,-0.00654181317295909,RI
568,568,2019,April,Rhode Island,-0.00816573288336182,RI
569,569,2020,April,Rhode Island,0.014639795506859541,RI
570,570,2006,April,South Carolina,0.019908618899067733,SC
571,571,2007,April,South Carolina,0.010513039213613564,SC
572,572,2008,April,South Carolina,0.009187427003543459,SC
573,573,2009,April,South Carolina,0.016504728687999418,SC
574,574,2010,April,South Carolina,0.01413409946677413,SC
575,575,2011,April,South Carolina,0.012558458202530985,SC
576,576,2012,April,South Carolina,0.011214572916388213,SC
577,577,2013,April,South Carolina,0.004868564301045018,SC
578,578,2014,April,South Carolina,0.003690413083132819,SC
579,579,2015,April,South Carolina,0.006915037932755305,SC
580,580,2016,April,South Carolina,0.002712907881054537,SC
581,581,2017,April,South Carolina,-0.0037528639035551976,SC
582,582,2018,April,South Carolina,-0.008737913389399473,SC
583,583,2019,April,South Carolina,-0.008165731919817232,SC
584,584,2020,April,South Carolina,0.007847174741975847,SC
585,585,2006,April,South Dakota,-0.020481265738109964,SD
586,586,2007,April,South Dakota,-0.004065011394222639,SD
587,587,2008,April,South Dakota,-0.007940227073640137,SD
588,588,2009,April,South Dakota,-0.01039417975379038,SD
589,589,2010,April,South Dakota,-0.010895147942395749,SD
590,590,2011,April,South Dakota,-0.010844419414735755,SD
591,591,2012,April,South Dakota,-0.010468329177209659,SD
592,592,2013,April,South Dakota,-0.010991517786954416,SD
593,593,2014,April,South Dakota,-0.009945526046828392,SD
594,594,2015,April,South Dakota,-0.008771065449541484,SD
595,595,2016,April,South Dakota,-0.009459560796125624,SD
596,596,2017,April,South Dakota,-0.006603612774901424,SD
597,597,2018,April,South Dakota,-0.006715843190892126,SD
598,598,2019,April,South Dakota,0.004609460898409464,SD
599,599,2020,April,South Dakota,0.011277389545366872,SD
600,600,2006,April,Tennessee,-0.026312055496132088,TN
601,601,2007,April,Tennessee,0.003545384412825176,TN
602,602,2008,April,Tennessee,0.006472375852930183,TN
603,603,2009,April,Tennessee,0.01475997923190169,TN
604,604,2010,April,Tennessee,0.012382696021501723,TN
605,605,2011,April,Tennessee,0.010502221786506002,TN
606,606,2012,April,Tennessee,0.008811984385417373,TN
607,607,2013,April,Tennessee,0.010889981306543046,TN
608,608,2014,April,Tennessee,0.005560896216273713,TN
609,609,2015,April,Tennessee,0.003115337459406325,TN
610,610,2016,April,Tennessee,-0.0013572517139157367,TN
611,611,2017,April,Tennessee,-0.006603618787673011,TN
612,612,2018,April,Tennessee,-0.005293220954269574,TN
613,613,2019,April,Tennessee,-0.004609461875498419,TN
614,614,2020,April,Tennessee,0.011213714183663816,TN
615,615,2006,April,Texas,-0.019785421032194536,TX
616,616,2007,April,Texas,0.0023769740987146628,TX
617,617,2008,April,Texas,-0.0016857716776041511,TX
618,618,2009,April,Texas,0.006929316223260193,TX
619,619,2010,April,Texas,0.007139351888540731,TX
620,620,2011,April,Texas,0.00687373926782375,TX
621,621,2012,April,Texas,0.005683177207534545,TX
622,622,2013,April,Texas,0.004491748603159423,TX
623,623,2014,April,Texas,0.003365514891159474,TX
624,624,2015,April,Texas,-0.0028329282049581557,TX
625,625,2016,April,Texas,-0.00135733608632835,TX
626,626,2017,April,Texas,0.0007791342601682,TX
627,627,2018,April,Texas,0.0030768007945225586,TX
628,628,2019,April,Texas,-0.004609461391999699,TX
629,629,2020,April,Texas,0.00815192613714168,TX
630,630,2006,April,Utah,-0.018230677426253263,UT
631,631,2007,April,Utah,-0.007670181856354048,UT
632,632,2008,April,Utah,-0.004774387392158367,UT
633,633,2009,April,Utah,0.008884387122854633,UT
634,634,2010,April,Utah,0.008740145772069425,UT
635,635,2011,April,Utah,0.007882441339838557,UT
636,636,2012,April,Utah,-0.008847920069421101,UT
637,637,2013,April,Utah,-0.008281047544741422,UT
638,638,2014,April,Utah,-0.008065090332573584,UT
639,639,2015,April,Utah,-0.006623960388108613,UT
640,640,2016,April,Utah,-0.005417739858890943,UT
641,641,2017,April,Utah,-0.00362988313710955,UT
642,642,2018,April,Utah,-0.010180856718791995,UT
643,643,2019,April,Utah,-0.009848364731844184,UT
644,644,2020,April,Utah,0.00996806343509829,UT
645,645,2006,April,Vermont,-0.026910470906440352,VT
646,646,2007,April,Vermont,0.0013472237547064586,VT
647,647,2008,April,Vermont,0.005160985885583279,VT
648,648,2009,April,Vermont,0.008769327604587259,VT
649,649,2010,April,Vermont,0.009020921517758776,VT
650,650,2011,April,Vermont,-0.008797756042993826,VT
651,651,2012,April,Vermont,-0.008842317324963435,VT
652,652,2013,April,Vermont,-0.008277099581509134,VT
653,653,2014,April,Vermont,-0.006659302721989734,VT
654,654,2015,April,Vermont,-0.006623048692693235,VT
655,655,2016,April,Vermont,-0.005417627085254133,VT
656,656,2017,April,Vermont,-0.0036298871457253025,VT
657,657,2018,April,Vermont,-0.010180855559815112,VT
658,658,2019,April,Vermont,-0.00984836537876138,VT
659,659,2020,April,Vermont,0.009899481520797063,VT
660,660,2006,April,Virginia,-0.02041736010214653,VA
661,661,2007,April,Virginia,0.0001788134405959455,VA
662,662,2008,April,Virginia,-0.0048662738574214645,VA
663,663,2009,April,Virginia,0.008776797349102155,VA
664,664,2010,April,Virginia,0.008886304873521439,VA
665,665,2011,April,Virginia,0.00834642455578384,VA
666,666,2012,April,Virginia,0.007299019384667462,VA
667,667,2013,April,Virginia,-0.007218994670508605,VA
668,668,2014,April,Virginia,0.005239152052524018,VA
669,669,2015,April,Virginia,-0.004980032258280318,VA
670,670,2016,April,Virginia,-0.005417711457666747,VA
671,671,2017,April,Virginia,-0.0036298841477313813,VA
672,672,2018,April,Virginia,-0.0018282082908749593,VA
673,673,2019,April,Virginia,-0.00984836489526266,VA
674,674,2020,April,Virginia,0.009465163635220248,VA
675,675,2006,April,Washington,-0.026202184487823483,WA
676,676,2007,April,Washington,6.872764958613855e-05,WA
677,677,2008,April,Washington,-0.005341580933586656,WA
678,678,2009,April,Washington,0.0051841237313387896,WA
679,679,2010,April,Washington,0.0074424132863622075,WA
680,680,2011,April,Washington,0.005283966944697535,WA
681,681,2012,April,Washington,0.0032769813617821893,WA
682,682,2013,April,Washington,0.002830982497149732,WA
683,683,2014,April,Washington,0.0036872662446994467,WA
684,684,2015,April,Washington,0.0009682364564138408,WA
685,685,2016,April,Washington,0.0027127665687309032,WA
686,686,2017,April,Washington,-0.003752868900109831,WA
687,687,2018,April,Washington,-0.0065418134579171726,WA
688,688,2019,April,Washington,0.007797757912984836,WA
689,689,2020,April,Washington,0.01252599408266752,WA
690,690,2006,April,West Virginia,-0.026312055496132088,WV
691,691,2007,April,West Virginia,-0.004431914825152571,WV
692,692,2008,April,West Virginia,-0.008529170066723879,WV
693,693,2009,April,West Virginia,0.003925641314231949,WV
694,694,2010,April,West Virginia,0.003928263705306188,WV
695,695,2011,April,West Virginia,0.003698568589251208,WV
696,696,2012,April,West Virginia,0.001659381792038688,WV
697,697,2013,April,West Virginia,-0.0011700565333629155,WV
698,698,2014,April,West Virginia,0.0018080868691776845,WV
699,699,2015,April,West Virginia,0.004767243531281399,WV
700,700,2016,April,West Virginia,0.006767022618439946,WV
701,701,2017,April,West Virginia,0.008154559030861132,WV
702,702,2018,April,West Virginia,0.01142212558681846,WV
703,703,2019,April,West Virginia,-0.0113540284441881,WV
704,704,2020,April,West Virginia,0.009603073660330608,WV
705,705,2006,April,Wisconsin,-0.022495964883680282,WI
706,706,2007,April,Wisconsin,0.0031581516720964524,WI
707,707,2008,April,Wisconsin,-0.0018681888415676183,WI
708,708,2009,April,Wisconsin,0.011192480322829549,WI
709,709,2010,April,Wisconsin,0.007135666476639539,WI
710,710,2011,April,Wisconsin,0.0062926513803576644,WI
711,711,2012,April,Wisconsin,0.004894214029499647,WI
712,712,2013,April,Wisconsin,0.004489768296589761,WI
713,713,2014,April,Wisconsin,0.0033642585346736983,WI
714,714,2015,April,Wisconsin,-0.002832472352886565,WI
715,715,2016,April,Wisconsin,-0.0013572796988553994,WI
716,716,2017,April,Wisconsin,-0.006603617799734131,WI
717,717,2018,April,Wisconsin,-0.005293221241154004,WI
718,718,2019,April,Wisconsin,-0.004609461715465672,WI
719,719,2020,April,Wisconsin,0.009094775001226595,WI
720,720,2006,April,Wyoming,-0.011647659674575178,WY
721,721,2007,April,Wyoming,-0.017597144404318817,WY
722,722,2008,April,Wyoming,-0.01740111505569733,WY
723,723,2009,April,Wyoming,-0.004973845807851682,WY
724,724,2010,April,Wyoming,0.005684441162221918,WY
725,725,2011,April,Wyoming,-0.0051750117465236,WY
726,726,2012,April,Wyoming,-0.004844401883200844,WY
727,727,2013,April,Wyoming,-0.008286053141263799,WY
728,728,2014,April,Wyoming,-0.0066650097494771144,WY
729,729,2015,April,Wyoming,-0.004981429961368968,WY
730,730,2016,April,Wyoming,0.0027130819644960147,WY
731,731,2017,April,Wyoming,-0.0037528577233519327,WY
732,732,2018,April,Wyoming,-0.006541816717033686,WY
733,733,2019,April,Wyoming,-0.00816573091615953,WY
734,734,2020,April,Wyoming,-0.0108022662475839,WY
735,735,2006,April,New York,-0.026202184487823483,NY
736,736,2007,April,New York,6.872764958613855e-05,NY
737,737,2008,April,New York,0.0032701051898215024,NY
738,738,2009,April,New York,0.0057681426158189275,NY
739,739,2010,April,New York,0.0074424132863622075,NY
740,740,2011,April,New York,0.005283966944697535,NY
741,741,2012,April,New York,0.01120749820838511,NY
742,742,2013,April,New York,0.009242401650395535,NY
743,743,2014,April,New York,0.008855394522144651,NY
744,744,2015,April,New York,0.0069138907201130705,NY
745,745,2016,April,New York,0.0027127665687309032,NY
746,746,2017,April,New York,0.0051808293705079425,NY
747,747,2018,April,New York,-0.0065418134579171726,NY
748,748,2019,April,New York,0.007797757912984836,NY
749,749,2020,April,New York,0.01252599408266752,NY
750,750,2006,April,California,-0.026202184487823483,CA
751,751,2007,April,California,0.00031599838885286533,CA
752,752,2008,April,California,0.00964684868784382,CA
753,753,2009,April,California,0.016492151483636926,CA
754,754,2010,April,California,0.020775580645624712,CA
755,755,2011,April,California,0.01977861608287649,CA
756,756,2012,April,California,0.01918696647800301,CA
757,757,2013,April,California,0.01360770080266843,CA
758,758,2014,April,California,0.014004739646678758,CA
759,759,2015,April,California,0.012834791489040709,CA
760,760,2016,April,California,0.0027127665687309032,CA
761,761,2017,April,California,0.0051808293705079425,CA
762,762,2018,April,California,-0.0065418134579171726,CA
763,763,2019,April,California,0.007797757912984836,CA
764,764,2020,April,California,0.01252599408266752,CA
