,index,FIPS Code,State,Year,Month,Civilian Non-Institutional Population,Labor Force Total,Labor Force Percent of Population,Employment Total,Employment Percent of Population,Unemployment Total,Unemployment Rate
0,20359,1,Alabama,2008,1,"3,577,198","2,182,712",61,"2,083,744",58.3,"98,968",4.5
1,20360,2,Alaska,2008,1,"498,693","352,640",70.7,"330,728",66.3,"21,912",6.2
2,20361,4,Arizona,2008,1,"4,822,624","3,048,650",63.2,"2,918,156",60.5,"130,494",4.3
3,20362,5,Arkansas,2008,1,"2,177,814","1,353,678",62.2,"1,284,620",59,"69,058",5.1
4,20363,6,California,2008,1,"27,453,421","18,047,064",65.7,"16,979,728",61.8,"1,067,336",5.9
5,20364,37,Los Angeles County,2008,1,"7,429,053","4,901,963",66,"4,614,310",62.1,"287,653",5.9
6,20365,8,Colorado,2008,1,"3,733,587","2,729,192",73.1,"2,615,692",70.1,"113,500",4.2
7,20366,9,Connecticut,2008,1,"2,718,370","1,869,605",68.8,"1,779,846",65.5,"89,759",4.8
8,20367,10,Delaware,2008,1,"673,835","449,481",66.7,"432,002",64.1,"17,479",3.9
9,20368,11,District of Columbia,2008,1,"475,485","331,102",69.6,"311,186",65.4,"19,916",6
10,20369,12,Florida,2008,1,"14,421,176","9,166,494",63.6,"8,780,743",60.9,"385,751",4.2
11,20370,13,Georgia,2008,1,"7,145,219","4,866,898",68.1,"4,601,237",64.4,"265,661",5.5
12,20371,15,Hawaii,2008,1,"972,401","640,525",65.9,"620,658",63.8,"19,867",3.1
13,20372,16,Idaho,2008,1,"1,125,010","753,003",66.9,"729,462",64.8,"23,541",3.1
14,20373,17,Illinois,2008,1,"9,782,110","6,709,673",68.6,"6,334,043",64.8,"375,630",5.6
15,20374,18,Indiana,2008,1,"4,858,075","3,222,317",66.3,"3,068,926",63.2,"153,391",4.8
16,20375,19,Iowa,2008,1,"2,313,758","1,671,514",72.2,"1,610,160",69.6,"61,354",3.7
17,20376,20,Kansas,2008,1,"2,104,656","1,488,330",70.7,"1,424,783",67.7,"63,547",4.3
18,20377,21,Kentucky,2008,1,"3,293,294","2,027,269",61.6,"1,919,001",58.3,"108,268",5.3
19,20378,22,Louisiana,2008,1,"3,328,228","2,046,613",61.5,"1,963,488",59,"83,125",4.1
20,20379,23,Maine,2008,1,"1,060,238","701,344",66.1,"668,746",63.1,"32,598",4.6
21,20380,24,Maryland,2008,1,"4,342,905","3,006,981",69.2,"2,899,910",66.8,"107,071",3.6
22,20381,25,Massachusetts,2008,1,"5,161,571","3,443,336",66.7,"3,287,272",63.7,"156,064",4.5
23,20382,26,Michigan,2008,1,"7,775,722","4,962,050",63.8,"4,604,930",59.2,"357,120",7.2
24,20383,27,Minnesota,2008,1,"4,034,155","2,896,805",71.8,"2,760,194",68.4,"136,611",4.7
25,20384,28,Mississippi,2008,1,"2,180,462","1,303,465",59.8,"1,224,659",56.2,"78,806",6
26,20385,29,Missouri,2008,1,"4,557,530","3,064,242",67.2,"2,899,013",63.6,"165,229",5.4
27,20386,30,Montana,2008,1,"755,967","510,364",67.5,"490,873",64.9,"19,491",3.8
28,20387,31,Nebraska,2008,1,"1,347,708","984,852",73.1,"955,811",70.9,"29,041",2.9
29,20388,32,Nevada,2008,1,"1,961,491","1,364,101",69.5,"1,291,670",65.9,"72,431",5.3
30,20389,33,New Hampshire,2008,1,"1,047,818","740,860",70.7,"715,950",68.3,"24,910",3.4
31,20390,34,New Jersey,2008,1,"6,705,664","4,470,219",66.7,"4,266,692",63.6,"203,527",4.6
32,20391,35,New Mexico,2008,1,"1,492,337","928,742",62.2,"893,771",59.9,"34,971",3.8
33,20392,36,New York,2008,1,"15,239,027","9,577,044",62.8,"9,124,073",59.9,"452,971",4.7
34,20393,51000,New York city,2008,1,"6,553,581","3,904,151",59.6,"3,709,174",56.6,"194,977",5
35,20394,37,North Carolina,2008,1,"6,956,036","4,550,387",65.4,"4,313,877",62,"236,510",5.2
36,20395,38,North Dakota,2008,1,"497,394","370,084",74.4,"359,404",72.3,"10,680",2.9
37,20396,39,Ohio,2008,1,"8,918,397","6,014,754",67.4,"5,675,960",63.6,"338,794",5.6
38,20397,40,Oklahoma,2008,1,"2,731,019","1,726,265",63.2,"1,667,262",61,"59,003",3.4
39,20398,41,Oregon,2008,1,"2,951,299","1,925,863",65.3,"1,827,073",61.9,"98,790",5.1
40,20399,42,Pennsylvania,2008,1,"9,863,659","6,397,499",64.9,"6,090,155",61.7,"307,344",4.8
41,20400,44,Rhode Island,2008,1,"837,890","569,965",68,"535,641",63.9,"34,324",6
42,20401,45,South Carolina,2008,1,"3,411,702","2,142,083",62.8,"2,014,465",59,"127,618",6
43,20402,46,South Dakota,2008,1,"608,608","437,280",71.8,"425,694",69.9,"11,586",2.6
44,20403,47,Tennessee,2008,1,"4,795,355","3,050,278",63.6,"2,887,750",60.2,"162,528",5.3
45,20404,48,Texas,2008,1,"17,582,139","11,551,722",65.7,"11,049,469",62.8,"502,253",4.3
46,20405,49,Utah,2008,1,"1,914,712","1,390,196",72.6,"1,350,736",70.5,"39,460",2.8
47,20406,50,Vermont,2008,1,"503,680","352,192",69.9,"337,980",67.1,"14,212",4
48,20407,51,Virginia,2008,1,"5,895,643","4,089,713",69.4,"3,941,102",66.8,"148,611",3.6
49,20408,53,Washington,2008,1,"5,051,757","3,446,781",68.2,"3,288,083",65.1,"158,698",4.6
50,20409,54,West Virginia,2008,1,"1,446,862","806,965",55.8,"769,341",53.2,"37,624",4.7
51,20410,55,Wisconsin,2008,1,"4,375,769","3,092,444",70.7,"2,952,857",67.5,"139,587",4.5
52,20411,56,Wyoming,2008,1,"407,544","294,176",72.2,"286,531",70.3,"7,645",2.6
53,20995,1,Alabama,2009,1,"3,608,960","2,170,615",60.1,"1,989,308",55.1,"181,307",8.4
54,20996,2,Alaska,2009,1,"507,364","357,527",70.5,"331,939",65.4,"25,588",7.2
55,20997,4,Arizona,2009,1,"4,916,200","3,135,245",63.8,"2,879,700",58.6,"255,545",8.2
56,20998,5,Arkansas,2009,1,"2,196,134","1,360,180",61.9,"1,264,593",57.6,"95,587",7
57,20999,6,California,2009,1,"27,794,667","18,341,252",66,"16,530,013",59.5,"1,811,239",9.9
58,21000,37,Los Angeles County,2009,1,"7,496,279","4,959,932",66.2,"4,450,813",59.4,"509,119",10.3
59,21001,8,Colorado,2009,1,"3,807,212","2,741,783",72,"2,561,844",67.3,"179,939",6.6
60,21002,9,Connecticut,2009,1,"2,738,401","1,885,168",68.8,"1,751,324",64,"133,844",7.1
61,21003,10,Delaware,2009,1,"682,762","447,205",65.5,"415,103",60.8,"32,102",7.2
62,21004,11,District of Columbia,2009,1,"481,994","335,894",69.7,"306,831",63.7,"29,063",8.7
63,21005,12,Florida,2009,1,"14,539,769","9,052,178",62.3,"8,343,928",57.4,"708,250",7.8
64,21006,13,Georgia,2009,1,"7,255,557","4,778,508",65.9,"4,337,640",59.8,"440,868",9.2
65,21007,15,Hawaii,2009,1,"978,992","635,569",64.9,"598,286",61.1,"37,283",5.9
66,21008,16,Idaho,2009,1,"1,143,426","764,671",66.9,"706,733",61.8,"57,938",7.6
67,21009,17,Illinois,2009,1,"9,849,030","6,588,346",66.9,"6,037,014",61.3,"551,332",8.4
68,21010,18,Indiana,2009,1,"4,893,292","3,256,297",66.5,"2,961,664",60.5,"294,633",9
69,21011,19,Iowa,2009,1,"2,327,391","1,689,096",72.6,"1,594,063",68.5,"95,033",5.6
70,21012,20,Kansas,2009,1,"2,120,640","1,507,169",71.1,"1,419,811",67,"87,358",5.8
71,21013,21,Kentucky,2009,1,"3,320,357","2,062,601",62.1,"1,868,875",56.3,"193,726",9.4
72,21014,22,Louisiana,2009,1,"3,374,902","2,075,125",61.5,"1,951,613",57.8,"123,512",6
73,21015,23,Maine,2009,1,"1,064,171","700,203",65.8,"647,898",60.9,"52,305",7.5
74,21016,24,Maryland,2009,1,"4,378,599","3,051,111",69.7,"2,849,401",65.1,"201,710",6.6
75,21017,25,Massachusetts,2009,1,"5,214,072","3,480,717",66.8,"3,236,069",62.1,"244,648",7
76,21018,26,Michigan,2009,1,"7,772,160","4,875,359",62.7,"4,342,294",55.9,"533,065",10.9
77,21019,27,Minnesota,2009,1,"4,068,989","2,935,506",72.1,"2,725,000",67,"210,506",7.2
78,21020,28,Mississippi,2009,1,"2,194,462","1,279,561",58.3,"1,175,741",53.6,"103,820",8.1
79,21021,29,Missouri,2009,1,"4,595,874","3,072,024",66.8,"2,827,112",61.5,"244,912",8
80,21022,30,Montana,2009,1,"764,203","509,478",66.7,"476,051",62.3,"33,427",6.6
81,21023,31,Nebraska,2009,1,"1,358,167","988,763",72.8,"948,435",69.8,"40,328",4.1
82,21024,32,Nevada,2009,1,"1,990,788","1,377,435",69.2,"1,243,320",62.5,"134,115",9.7
83,21025,33,New Hampshire,2009,1,"1,054,866","741,908",70.3,"705,050",66.8,"36,858",5
84,21026,34,New Jersey,2009,1,"6,746,210","4,520,580",67,"4,188,473",62.1,"332,107",7.3
85,21027,35,New Mexico,2009,1,"1,508,503","933,823",61.9,"879,969",58.3,"53,854",5.8
86,21028,36,New York,2009,1,"15,319,033","9,719,617",63.4,"9,031,621",59,"687,996",7.1
87,21029,51000,New York city,2009,1,"6,592,555","4,005,569",60.8,"3,706,355",56.2,"299,214",7.5
88,21030,37,North Carolina,2009,1,"7,073,513","4,671,579",66,"4,192,895",59.3,"478,684",10.2
89,21031,38,North Dakota,2009,1,"501,410","371,028",74,"357,087",71.2,"13,941",3.8
90,21032,39,Ohio,2009,1,"8,944,394","5,956,344",66.6,"5,444,780",60.9,"511,564",8.6
91,21033,40,Oklahoma,2009,1,"2,760,215","1,761,587",63.8,"1,670,671",60.5,"90,916",5.2
92,21034,41,Oregon,2009,1,"2,991,928","1,973,386",66,"1,781,451",59.5,"191,935",9.7
93,21035,42,Pennsylvania,2009,1,"9,918,169","6,467,790",65.2,"6,014,392",60.6,"453,398",7
94,21036,44,Rhode Island,2009,1,"840,146","570,102",67.9,"511,798",60.9,"58,304",10.2
95,21037,45,South Carolina,2009,1,"3,469,613","2,179,478",62.8,"1,961,864",56.5,"217,614",10
96,21038,46,South Dakota,2009,1,"614,788","441,816",71.9,"423,509",68.9,"18,307",4.1
97,21039,47,Tennessee,2009,1,"4,848,693","3,057,747",63.1,"2,791,562",57.6,"266,185",8.7
98,21040,48,Texas,2009,1,"17,934,287","11,794,357",65.8,"11,077,513",61.8,"716,844",6.1
99,21041,49,Utah,2009,1,"1,955,576","1,392,634",71.2,"1,307,934",66.9,"84,700",6.1
100,21042,50,Vermont,2009,1,"506,066","357,735",70.7,"337,995",66.8,"19,740",5.5
101,21043,51,Virginia,2009,1,"5,967,043","4,142,432",69.4,"3,905,221",65.4,"237,211",5.7
102,21044,53,Washington,2009,1,"5,136,093","3,480,693",67.8,"3,243,615",63.2,"237,078",6.8
103,21045,54,West Virginia,2009,1,"1,451,299","810,279",55.8,"758,012",52.2,"52,267",6.5
104,21046,55,Wisconsin,2009,1,"4,405,116","3,122,945",70.9,"2,892,187",65.7,"230,758",7.4
105,21047,56,Wyoming,2009,1,"415,020","298,360",71.9,"285,891",68.9,"12,469",4.2
106,21631,1,Alabama,2010,1,"3,636,380","2,143,297",58.9,"1,906,185",52.4,"237,112",11.1
107,21632,2,Alaska,2010,1,"514,628","360,431",70,"330,113",64.1,"30,318",8.4
108,21633,4,Arizona,2010,1,"4,994,110","3,115,797",62.4,"2,785,351",55.8,"330,446",10.6
109,21634,5,Arkansas,2010,1,"2,213,503","1,343,957",60.7,"1,237,151",55.9,"106,806",7.9
110,21635,6,California,2010,1,"28,141,513","18,288,466",65,"15,991,766",56.8,"2,296,700",12.6
111,21636,37,Los Angeles County,2010,1,"7,552,749","4,909,952",65,"4,292,621",56.8,"617,331",12.6
112,21637,8,Colorado,2010,1,"3,871,967","2,711,291",70,"2,471,793",63.8,"239,498",8.8
113,21638,9,Connecticut,2010,1,"2,757,497","1,892,594",68.6,"1,712,632",62.1,"179,962",9.5
114,21639,10,Delaware,2010,1,"690,331","430,527",62.4,"391,523",56.7,"39,004",9.1
115,21640,11,District of Columbia,2010,1,"491,473","342,135",69.6,"306,215",62.3,"35,920",10.5
116,21641,12,Florida,2010,1,"14,670,087","9,011,633",61.4,"8,031,055",54.7,"980,578",10.9
117,21642,13,Georgia,2010,1,"7,356,794","4,778,162",64.9,"4,261,834",57.9,"516,328",10.8
118,21643,15,Hawaii,2010,1,"985,330","634,566",64.4,"590,573",59.9,"43,993",6.9
119,21644,16,Idaho,2010,1,"1,157,503","762,726",65.9,"693,074",59.9,"69,652",9.1
120,21645,17,Illinois,2010,1,"9,911,282","6,616,172",66.8,"5,862,132",59.1,"754,040",11.4
121,21646,18,Indiana,2010,1,"4,925,217","3,169,128",64.3,"2,830,634",57.5,"338,494",10.7
122,21647,19,Iowa,2010,1,"2,341,680","1,668,161",71.2,"1,560,395",66.6,"107,766",6.5
123,21648,20,Kansas,2010,1,"2,138,455","1,502,302",70.3,"1,394,052",65.2,"108,250",7.2
124,21649,21,Kentucky,2010,1,"3,342,861","2,057,265",61.5,"1,833,428",54.8,"223,837",10.9
125,21650,22,Louisiana,2010,1,"3,406,282","2,065,893",60.6,"1,918,232",56.3,"147,661",7.1
126,21651,23,Maine,2010,1,"1,066,138","696,250",65.3,"635,414",59.6,"60,836",8.7
127,21652,24,Maryland,2010,1,"4,422,798","3,049,772",69,"2,803,421",63.4,"246,351",8.1
128,21653,25,Massachusetts,2010,1,"5,263,246","3,468,119",65.9,"3,173,610",60.3,"294,509",8.5
129,21654,26,Michigan,2010,1,"7,777,357","4,785,142",61.5,"4,153,410",53.4,"631,732",13.2
130,21655,27,Minnesota,2010,1,"4,100,422","2,928,681",71.4,"2,700,412",65.9,"228,269",7.8
131,21656,28,Mississippi,2010,1,"2,206,254","1,265,805",57.4,"1,133,350",51.4,"132,455",10.5
132,21657,29,Missouri,2010,1,"4,628,246","3,042,296",65.7,"2,748,478",59.4,"293,818",9.7
133,21658,30,Montana,2010,1,"770,491","500,111",64.9,"462,743",60.1,"37,368",7.5
134,21659,31,Nebraska,2010,1,"1,370,014","987,372",72.1,"938,545",68.5,"48,827",4.9
135,21660,32,Nevada,2010,1,"2,009,168","1,358,406",67.6,"1,175,465",58.5,"182,941",13.5
136,21661,33,New Hampshire,2010,1,"1,060,421","738,872",69.7,"689,553",65,"49,319",6.7
137,21662,34,New Jersey,2010,1,"6,792,469","4,557,586",67.1,"4,104,101",60.4,"453,485",10
138,21663,35,New Mexico,2010,1,"1,526,749","924,482",60.6,"852,812",55.9,"71,670",7.8
139,21664,36,New York,2010,1,"15,398,444","9,644,070",62.6,"8,775,340",57,"868,730",9
140,21665,51000,New York city,2010,1,"6,627,486","3,983,407",60.1,"3,581,646",54,"401,761",10.1
141,21666,37,North Carolina,2010,1,"7,164,495","4,610,346",64.3,"4,094,353",57.1,"515,993",11.2
142,21667,38,North Dakota,2010,1,"506,905","373,035",73.6,"358,345",70.7,"14,690",3.9
143,21668,39,Ohio,2010,1,"8,967,104","5,895,027",65.7,"5,238,928",58.4,"656,099",11.1
144,21669,40,Oklahoma,2010,1,"2,789,349","1,763,483",63.2,"1,640,540",58.8,"122,943",7
145,21670,41,Oregon,2010,1,"3,026,512","1,969,690",65.1,"1,756,262",58,"213,428",10.8
146,21671,42,Pennsylvania,2010,1,"9,966,890","6,338,833",63.6,"5,805,453",58.2,"533,380",8.4
147,21672,44,Rhode Island,2010,1,"843,675","570,682",67.6,"503,082",59.6,"67,600",11.8
148,21673,45,South Carolina,2010,1,"3,513,739","2,156,723",61.4,"1,898,449",54,"258,274",12
149,21674,46,South Dakota,2010,1,"621,730","440,408",70.8,"419,140",67.4,"21,268",4.8
150,21675,47,Tennessee,2010,1,"4,894,242","3,050,578",62.3,"2,730,789",55.8,"319,789",10.5
151,21676,48,Texas,2010,1,"18,274,485","12,108,919",66.3,"11,106,882",60.8,"1,002,037",8.3
152,21677,49,Utah,2010,1,"1,991,747","1,354,098",68,"1,245,935",62.6,"108,163",8
153,21678,50,Vermont,2010,1,"508,821","359,006",70.6,"335,086",65.9,"23,920",6.7
154,21679,51,Virginia,2010,1,"6,043,575","4,139,523",68.5,"3,823,909",63.3,"315,614",7.6
155,21680,53,Washington,2010,1,"5,217,186","3,454,420",66.2,"3,133,335",60.1,"321,085",9.3
156,21681,54,West Virginia,2010,1,"1,455,955","807,671",55.5,"735,302",50.5,"72,369",9
157,21682,55,Wisconsin,2010,1,"4,430,954","3,086,454",69.7,"2,800,945",63.2,"285,509",9.3
158,21683,56,Wyoming,2010,1,"420,608","301,350",71.6,"278,343",66.2,"23,007",7.6
159,22267,1,Alabama,2011,1,"3,717,148","2,214,624",59.6,"1,991,574",53.6,"223,050",10.1
160,22268,2,Alaska,2011,1,"524,423","363,404",69.3,"334,356",63.8,"29,048",8
161,22269,4,Arizona,2011,1,"4,893,368","3,063,471",62.6,"2,761,928",56.4,"301,543",9.8
162,22270,5,Arkansas,2011,1,"2,247,108","1,356,376",60.4,"1,247,709",55.5,"108,667",8
163,22271,6,California,2011,1,"28,802,283","18,363,805",63.8,"16,113,386",55.9,"2,250,419",12.3
164,22272,37,Los Angeles County,2011,1,"7,697,454","4,950,414",64.3,"4,333,827",56.3,"616,587",12.5
165,22273,8,Colorado,2011,1,"3,895,089","2,716,453",69.7,"2,469,040",63.4,"247,413",9.1
166,22274,9,Connecticut,2011,1,"2,820,871","1,917,092",68,"1,736,022",61.5,"181,070",9.4
167,22275,10,Delaware,2011,1,"707,838","441,299",62.3,"405,681",57.3,"35,618",8.1
168,22276,11,District of Columbia,2011,1,"511,586","350,280",68.5,"315,386",61.6,"34,894",10
169,22277,12,Florida,2011,1,"15,115,903","9,251,721",61.2,"8,267,299",54.7,"984,422",10.6
170,22278,13,Georgia,2011,1,"7,343,837","4,711,595",64.2,"4,216,168",57.4,"495,427",10.5
171,22279,15,Hawaii,2011,1,"1,050,960","660,636",62.9,"616,041",58.6,"44,595",6.8
172,22280,16,Idaho,2011,1,"1,173,278","761,044",64.9,"696,460",59.4,"64,584",8.5
173,22281,17,Illinois,2011,1,"9,927,281","6,562,937",66.1,"5,934,625",59.8,"628,312",9.6
174,22282,18,Indiana,2011,1,"4,988,952","3,168,166",63.5,"2,881,081",57.7,"287,085",9.1
175,22283,19,Iowa,2011,1,"2,369,761","1,676,887",70.8,"1,578,751",66.6,"98,136",5.9
176,22284,20,Kansas,2011,1,"2,156,803","1,500,267",69.6,"1,398,503",64.8,"101,764",6.8
177,22285,21,Kentucky,2011,1,"3,362,512","2,067,917",61.5,"1,866,158",55.5,"201,759",9.8
178,22286,22,Louisiana,2011,1,"3,463,488","2,086,142",60.2,"1,924,090",55.6,"162,052",7.8
179,22287,23,Maine,2011,1,"1,077,430","699,101",64.9,"642,726",59.7,"56,375",8.1
180,22288,24,Maryland,2011,1,"4,531,264","3,094,091",68.3,"2,862,372",63.2,"231,719",7.5
181,22289,25,Massachusetts,2011,1,"5,271,792","3,483,533",66.1,"3,218,531",61.1,"265,002",7.6
182,22290,26,Michigan,2011,1,"7,740,726","4,669,483",60.3,"4,178,511",54,"490,972",10.5
183,22291,27,Minnesota,2011,1,"4,134,872","2,945,255",71.2,"2,741,797",66.3,"203,458",6.9
184,22292,28,Mississippi,2011,1,"2,240,917","1,346,725",60.1,"1,213,959",54.2,"132,766",9.9
185,22293,29,Missouri,2011,1,"4,639,686","3,042,146",65.6,"2,759,423",59.5,"282,723",9.3
186,22294,30,Montana,2011,1,"781,908","499,721",63.9,"464,781",59.4,"34,940",7
187,22295,31,Nebraska,2011,1,"1,395,701","997,896",71.5,"952,121",68.2,"45,775",4.6
188,22296,32,Nevada,2011,1,"2,084,614","1,357,776",65.1,"1,171,682",56.2,"186,094",13.7
189,22297,33,New Hampshire,2011,1,"1,056,926","736,494",69.7,"695,308",65.8,"41,186",5.6
190,22298,34,New Jersey,2011,1,"6,900,619","4,552,679",66,"4,121,291",59.7,"431,388",9.5
191,22299,35,New Mexico,2011,1,"1,577,742","924,865",58.6,"856,685",54.3,"68,180",7.4
192,22300,36,New York,2011,1,"15,426,785","9,559,651",62,"8,760,232",56.8,"799,419",8.4
193,22301,51000,New York city,2011,1,"6,593,999","3,965,218",60.1,"3,607,068",54.7,"358,150",9
194,22302,37,North Carolina,2011,1,"7,378,227","4,640,615",62.9,"4,157,931",56.4,"482,684",10.4
195,22303,38,North Dakota,2011,1,"529,133","384,036",72.6,"370,786",70.1,"13,250",3.5
196,22304,39,Ohio,2011,1,"8,985,195","5,816,035",64.7,"5,275,424",58.7,"540,611",9.3
197,22305,40,Oklahoma,2011,1,"2,857,438","1,761,984",61.7,"1,657,557",58,"104,427",5.9
198,22306,41,Oregon,2011,1,"3,051,463","1,999,833",65.5,"1,798,493",58.9,"201,340",10.1
199,22307,42,Pennsylvania,2011,1,"10,098,875","6,367,786",63.1,"5,872,521",58.2,"495,265",7.8
200,22308,44,Rhode Island,2011,1,"843,605","566,951",67.2,"503,187",59.6,"63,764",11.2
201,22309,45,South Carolina,2011,1,"3,596,114","2,181,867",60.7,"1,946,678",54.1,"235,189",10.8
202,22310,46,South Dakota,2011,1,"620,930","445,750",71.8,"423,555",68.2,"22,195",5
203,22311,47,Tennessee,2011,1,"4,954,125","3,117,268",62.9,"2,818,458",56.9,"298,810",9.6
204,22312,48,Texas,2011,1,"18,807,299","12,391,831",65.9,"11,377,422",60.5,"1,014,409",8.2
205,22313,49,Utah,2011,1,"1,976,608","1,344,519",68,"1,239,913",62.7,"104,606",7.8
206,22314,50,Vermont,2011,1,"509,005","359,441",70.6,"337,829",66.4,"21,612",6
207,22315,51,Virginia,2011,1,"6,209,446","4,183,595",67.4,"3,901,342",62.8,"282,253",6.7
208,22316,53,Washington,2011,1,"5,281,394","3,447,125",65.3,"3,139,152",59.4,"307,973",8.9
209,22317,54,West Virginia,2011,1,"1,485,172","807,822",54.4,"739,734",49.8,"68,088",8.4
210,22318,55,Wisconsin,2011,1,"4,447,290","3,072,930",69.1,"2,834,013",63.7,"238,917",7.8
211,22319,56,Wyoming,2011,1,"435,435","302,548",69.5,"282,676",64.9,"19,872",6.6
212,22903,1,Alabama,2012,1,"3,736,437","2,179,750",58.3,"1,993,523",53.4,"186,227",8.5
213,22904,2,Alaska,2012,1,"532,472","365,200",68.6,"337,946",63.5,"27,254",7.5
214,22905,4,Arizona,2012,1,"4,970,220","3,048,161",61.3,"2,782,738",56,"265,423",8.7
215,22906,5,Arkansas,2012,1,"2,262,001","1,362,428",60.2,"1,261,262",55.8,"101,166",7.4
216,22907,6,California,2012,1,"29,143,906","18,456,650",63.3,"16,397,835",56.3,"2,058,815",11.2
217,22908,37,Los Angeles County,2012,1,"7,773,043","4,917,205",63.3,"4,345,185",55.9,"572,020",11.6
218,22909,8,Colorado,2012,1,"3,962,382","2,747,283",69.3,"2,517,729",63.5,"229,554",8.4
219,22910,9,Connecticut,2012,1,"2,838,829","1,912,351",67.4,"1,752,189",61.7,"160,162",8.4
220,22911,10,Delaware,2012,1,"715,709","446,183",62.3,"414,872",58,"31,311",7
221,22912,11,District of Columbia,2012,1,"523,099","355,798",68,"321,609",61.5,"34,189",9.6
222,22913,12,Florida,2012,1,"15,334,438","9,292,160",60.6,"8,441,097",55,"851,063",9.2
223,22914,13,Georgia,2012,1,"7,433,130","4,765,809",64.1,"4,312,847",58,"452,962",9.5
224,22915,15,Hawaii,2012,1,"1,061,464","654,711",61.7,"611,452",57.6,"43,259",6.6
225,22916,16,Idaho,2012,1,"1,186,669","770,197",64.9,"711,077",59.9,"59,120",7.7
226,22917,17,Illinois,2012,1,"9,975,600","6,580,816",66,"5,972,028",59.9,"608,788",9.3
227,22918,18,Indiana,2012,1,"5,019,202","3,195,782",63.7,"2,926,439",58.3,"269,343",8.4
228,22919,19,Iowa,2012,1,"2,383,466","1,665,187",69.9,"1,577,773",66.2,"87,414",5.2
229,22920,20,Kansas,2012,1,"2,168,823","1,494,362",68.9,"1,405,492",64.8,"88,870",5.9
230,22921,21,Kentucky,2012,1,"3,381,405","2,050,998",60.7,"1,876,189",55.5,"174,809",8.5
231,22922,22,Louisiana,2012,1,"3,492,387","2,087,233",59.8,"1,938,549",55.5,"148,684",7.1
232,22923,23,Maine,2012,1,"1,081,268","699,764",64.7,"649,142",60,"50,622",7.2
233,22924,24,Maryland,2012,1,"4,580,372","3,108,021",67.9,"2,892,744",63.2,"215,277",6.9
234,22925,25,Massachusetts,2012,1,"5,326,196","3,498,166",65.7,"3,262,377",61.3,"235,789",6.7
235,22926,26,Michigan,2012,1,"7,775,523","4,681,300",60.2,"4,250,546",54.7,"430,754",9.2
236,22927,27,Minnesota,2012,1,"4,168,954","2,947,490",70.7,"2,776,132",66.6,"171,358",5.8
237,22928,28,Mississippi,2012,1,"2,250,158","1,338,147",59.5,"1,216,211",54.1,"121,936",9.1
238,22929,29,Missouri,2012,1,"4,661,081","3,013,958",64.7,"2,784,819",59.7,"229,139",7.6
239,22930,30,Montana,2012,1,"788,035","504,102",64,"473,787",60.1,"30,315",6
240,22931,31,Nebraska,2012,1,"1,405,885","1,008,839",71.8,"967,953",68.9,"40,886",4.1
241,22932,32,Nevada,2012,1,"2,108,162","1,363,603",64.7,"1,195,245",56.7,"168,358",12.3
242,22933,33,New Hampshire,2012,1,"1,064,856","738,518",69.4,"700,039",65.7,"38,479",5.2
243,22934,34,New Jersey,2012,1,"6,935,079","4,573,226",65.9,"4,149,396",59.8,"423,830",9.3
244,22935,35,New Mexico,2012,1,"1,589,488","927,044",58.3,"861,016",54.2,"66,028",7.1
245,22936,36,New York,2012,1,"15,527,852","9,564,435",61.6,"8,742,699",56.3,"821,736",8.6
246,22937,51000,New York city,2012,1,"6,662,721","3,997,850",60,"3,617,028",54.3,"380,822",9.5
247,22938,37,North Carolina,2012,1,"7,464,904","4,685,349",62.8,"4,230,281",56.7,"455,068",9.7
248,22939,38,North Dakota,2012,1,"538,992","392,396",72.8,"380,609",70.6,"11,787",3
249,22940,39,Ohio,2012,1,"9,011,434","5,734,275",63.6,"5,284,949",58.6,"449,326",7.8
250,22941,40,Oklahoma,2012,1,"2,882,186","1,786,242",62,"1,692,448",58.7,"93,794",5.3
251,22942,41,Oregon,2012,1,"3,084,630","1,988,854",64.5,"1,808,723",58.6,"180,131",9.1
252,22943,42,Pennsylvania,2012,1,"10,142,177","6,412,680",63.2,"5,929,453",58.5,"483,227",7.5
253,22944,44,Rhode Island,2012,1,"846,369","558,445",66,"498,475",58.9,"59,970",10.7
254,22945,45,South Carolina,2012,1,"3,634,938","2,186,464",60.2,"1,977,447",54.4,"209,017",9.6
255,22946,46,South Dakota,2012,1,"628,071","446,838",71.1,"428,215",68.2,"18,623",4.2
256,22947,47,Tennessee,2012,1,"4,999,080","3,097,157",62,"2,843,050",56.9,"254,107",8.2
257,22948,48,Texas,2012,1,"19,165,965","12,571,937",65.6,"11,683,759",61,"888,178",7.1
258,22949,49,Utah,2012,1,"2,009,736","1,335,279",66.4,"1,265,082",62.9,"70,197",5.3
259,22950,50,Vermont,2012,1,"511,126","355,362",69.5,"337,888",66.1,"17,474",4.9
260,22951,51,Virginia,2012,1,"6,285,701","4,222,321",67.2,"3,959,095",63,"263,226",6.2
261,22952,53,Washington,2012,1,"5,349,660","3,452,355",64.5,"3,177,413",59.4,"274,942",8
262,22953,54,West Virginia,2012,1,"1,487,764","808,113",54.3,"750,875",50.5,"57,238",7.1
263,22954,55,Wisconsin,2012,1,"4,470,446","3,070,628",68.7,"2,854,971",63.9,"215,657",7
264,22955,56,Wyoming,2012,1,"440,634","304,445",69.1,"286,913",65.1,"17,532",5.8
265,23539,1,Alabama,2013,1,"3,757,648","2,181,651",58.1,"2,015,043",53.6,"166,608",7.6
266,23540,2,Alaska,2013,1,"537,343","364,023",67.7,"338,344",63,"25,679",7.1
267,23541,4,Arizona,2013,1,"5,050,211","3,058,620",60.6,"2,811,785",55.7,"246,835",8.1
268,23542,5,Arkansas,2013,1,"2,272,945","1,338,053",58.9,"1,241,811",54.6,"96,242",7.2
269,23543,6,California,2013,1,"29,482,749","18,564,212",63,"16,769,858",56.9,"1,794,354",9.7
270,23544,37,Los Angeles County,2013,1,"7,846,618","4,939,263",62.9,"4,429,189",56.4,"510,074",10.3
271,23545,8,Colorado,2013,1,"4,032,567","2,762,675",68.5,"2,561,687",63.5,"200,988",7.3
272,23546,9,Connecticut,2013,1,"2,852,640","1,866,718",65.4,"1,712,022",60,"154,696",8.3
273,23547,10,Delaware,2013,1,"723,860","444,691",61.4,"413,236",57.1,"31,455",7.1
274,23548,11,District of Columbia,2013,1,"534,268","374,703",70.1,"342,127",64,"32,576",8.7
275,23549,12,Florida,2013,1,"15,566,837","9,383,321",60.3,"8,628,007",55.4,"755,314",8
276,23550,13,Georgia,2013,1,"7,523,422","4,771,071",63.4,"4,360,605",58,"410,466",8.6
277,23551,15,Hawaii,2013,1,"1,070,910","647,730",60.5,"615,167",57.4,"32,563",5
278,23552,16,Idaho,2013,1,"1,201,563","773,064",64.3,"718,684",59.8,"54,380",7
279,23553,17,Illinois,2013,1,"10,014,774","6,584,280",65.7,"5,978,819",59.7,"605,461",9.2
280,23554,18,Indiana,2013,1,"5,050,615","3,176,337",62.9,"2,915,330",57.7,"261,007",8.2
281,23555,19,Iowa,2013,1,"2,398,438","1,662,643",69.3,"1,580,382",65.9,"82,261",4.9
282,23556,20,Kansas,2013,1,"2,179,995","1,492,010",68.4,"1,408,859",64.6,"83,151",5.6
283,23557,21,Kentucky,2013,1,"3,402,047","2,071,047",60.9,"1,904,810",56,"166,237",8
284,23558,22,Louisiana,2013,1,"3,515,759","2,098,900",59.7,"1,958,670",55.7,"140,230",6.7
285,23559,23,Maine,2013,1,"1,084,015","703,233",64.9,"653,477",60.3,"49,756",7.1
286,23560,24,Maryland,2013,1,"4,623,925","3,138,015",67.9,"2,925,435",63.3,"212,580",6.8
287,23561,25,Massachusetts,2013,1,"5,383,100","3,513,585",65.3,"3,276,681",60.9,"236,904",6.7
288,23562,26,Michigan,2013,1,"7,812,340","4,715,747",60.4,"4,292,124",54.9,"423,623",9
289,23563,27,Minnesota,2013,1,"4,203,761","2,964,871",70.5,"2,806,119",66.8,"158,752",5.4
290,23564,28,Mississippi,2013,1,"2,259,916","1,316,549",58.3,"1,202,216",53.2,"114,333",8.7
291,23565,29,Missouri,2013,1,"4,682,302","3,008,594",64.3,"2,799,781",59.8,"208,813",6.9
292,23566,30,Montana,2013,1,"795,706","509,349",64,"481,423",60.5,"27,926",5.5
293,23567,31,Nebraska,2013,1,"1,416,648","1,018,110",71.9,"979,223",69.1,"38,887",3.8
294,23568,32,Nevada,2013,1,"2,140,368","1,368,931",64,"1,222,071",57.1,"146,860",10.7
295,23569,33,New Hampshire,2013,1,"1,072,588","743,915",69.4,"702,626",65.5,"41,289",5.6
296,23570,34,New Jersey,2013,1,"6,964,061","4,576,918",65.7,"4,158,784",59.7,"418,134",9.1
297,23571,35,New Mexico,2013,1,"1,598,239","932,257",58.3,"867,056",54.3,"65,201",7
298,23572,36,New York,2013,1,"15,610,658","9,643,243",61.8,"8,842,773",56.6,"800,470",8.3
299,23573,51000,New York city,2013,1,"6,717,524","4,045,886",60.2,"3,676,776",54.7,"369,110",9.1
300,23574,37,North Carolina,2013,1,"7,555,048","4,761,137",63,"4,312,086",57.1,"449,051",9.4
301,23575,38,North Dakota,2013,1,"552,273","398,890",72.2,"386,941",70.1,"11,949",3
302,23576,39,Ohio,2013,1,"9,044,122","5,699,301",63,"5,272,736",58.3,"426,565",7.5
303,23577,40,Oklahoma,2013,1,"2,909,622","1,800,908",61.9,"1,708,092",58.7,"92,816",5.2
304,23578,41,Oregon,2013,1,"3,113,662","1,934,879",62.1,"1,771,649",56.9,"163,230",8.4
305,23579,42,Pennsylvania,2013,1,"10,172,653","6,459,448",63.5,"5,968,637",58.7,"490,811",7.6
306,23580,44,Rhode Island,2013,1,"849,729","562,023",66.1,"508,212",59.8,"53,811",9.6
307,23581,45,South Carolina,2013,1,"3,682,101","2,200,061",59.8,"2,016,002",54.8,"184,059",8.4
308,23582,46,South Dakota,2013,1,"635,838","447,554",70.4,"430,244",67.7,"17,310",3.9
309,23583,47,Tennessee,2013,1,"5,045,479","3,102,423",61.5,"2,855,543",56.6,"246,880",8
310,23584,48,Texas,2013,1,"19,524,317","12,743,658",65.3,"11,912,520",61,"831,138",6.5
311,23585,49,Utah,2013,1,"2,046,163","1,369,579",66.9,"1,307,839",63.9,"61,740",4.5
312,23586,50,Vermont,2013,1,"512,268","351,969",68.7,"335,874",65.6,"16,095",4.6
313,23587,51,Virginia,2013,1,"6,356,655","4,230,986",66.6,"3,992,211",62.8,"238,775",5.6
314,23588,53,Washington,2013,1,"5,414,242","3,457,127",63.9,"3,219,092",59.5,"238,035",6.9
315,23589,54,West Virginia,2013,1,"1,487,993","804,803",54.1,"747,905",50.3,"56,898",7.1
316,23590,55,Wisconsin,2013,1,"4,494,635","3,076,445",68.4,"2,863,647",63.7,"212,798",6.9
317,23591,56,Wyoming,2013,1,"446,965","302,668",67.7,"287,303",64.3,"15,365",5.1
318,24175,1,Alabama,2014,1,"3,775,896","2,165,971",57.4,"2,010,942",53.3,"155,029",7.2
319,24176,2,Alaska,2014,1,"539,619","363,966",67.4,"338,735",62.8,"25,231",6.9
320,24177,4,Arizona,2014,1,"5,135,007","3,081,484",60,"2,858,474",55.7,"223,010",7.2
321,24178,5,Arkansas,2014,1,"2,282,487","1,324,443",58,"1,238,994",54.3,"85,449",6.5
322,24179,6,California,2014,1,"29,812,266","18,569,356",62.3,"17,040,259",57.2,"1,529,097",8.2
323,24180,37,Los Angeles County,2014,1,"7,911,512","4,953,680",62.6,"4,514,259",57.1,"439,421",8.9
324,24181,8,Colorado,2014,1,"4,105,799","2,778,644",67.7,"2,613,030",63.6,"165,614",6
325,24182,9,Connecticut,2014,1,"2,863,185","1,873,722",65.4,"1,738,339",60.7,"135,383",7.2
326,24183,10,Delaware,2014,1,"732,837","446,546",60.9,"419,663",57.3,"26,883",6
327,24184,11,District of Columbia,2014,1,"543,956","374,474",68.8,"344,720",63.4,"29,754",7.9
328,24185,12,Florida,2014,1,"15,818,006","9,479,786",59.9,"8,825,090",55.8,"654,696",6.9
329,24186,13,Georgia,2014,1,"7,608,115","4,738,716",62.3,"4,383,593",57.6,"355,123",7.5
330,24187,15,Hawaii,2014,1,"1,077,742","659,402",61.2,"629,214",58.4,"30,188",4.6
331,24188,16,Idaho,2014,1,"1,218,117","778,076",63.9,"734,548",60.3,"43,528",5.6
332,24189,17,Illinois,2014,1,"10,041,949","6,539,433",65.1,"5,991,934",59.7,"547,499",8.4
333,24190,18,Indiana,2014,1,"5,081,350","3,210,348",63.2,"3,006,208",59.2,"204,140",6.4
334,24191,19,Iowa,2014,1,"2,413,708","1,686,880",69.9,"1,611,910",66.8,"74,970",4.4
335,24192,20,Kansas,2014,1,"2,189,481","1,490,102",68.1,"1,418,761",64.8,"71,341",4.8
336,24193,21,Kentucky,2014,1,"3,420,974","2,030,616",59.4,"1,878,659",54.9,"151,957",7.5
337,24194,22,Louisiana,2014,1,"3,537,379","2,103,844",59.5,"1,985,316",56.1,"118,528",5.6
338,24195,23,Maine,2014,1,"1,087,515","701,831",64.5,"658,792",60.6,"43,039",6.1
339,24196,24,Maryland,2014,1,"4,657,298","3,117,343",66.9,"2,928,422",62.9,"188,921",6.1
340,24197,25,Massachusetts,2014,1,"5,438,307","3,528,825",64.9,"3,310,181",60.9,"218,644",6.2
341,24198,26,Michigan,2014,1,"7,846,050","4,749,538",60.5,"4,364,414",55.6,"385,124",8.1
342,24199,27,Minnesota,2014,1,"4,237,487","2,965,437",70,"2,826,045",66.7,"139,392",4.7
343,24200,28,Mississippi,2014,1,"2,269,079","1,246,805",54.9,"1,146,363",50.5,"100,442",8.1
344,24201,29,Missouri,2014,1,"4,702,832","3,023,454",64.3,"2,822,595",60,"200,859",6.6
345,24202,30,Montana,2014,1,"803,600","512,421",63.8,"486,983",60.6,"25,438",5
346,24203,31,Nebraska,2014,1,"1,426,584","1,013,076",71,"977,740",68.5,"35,336",3.5
347,24204,32,Nevada,2014,1,"2,174,343","1,373,421",63.2,"1,250,571",57.5,"122,850",8.9
348,24205,33,New Hampshire,2014,1,"1,079,846","741,760",68.7,"706,392",65.4,"35,368",4.8
349,24206,34,New Jersey,2014,1,"6,986,348","4,474,601",64,"4,148,926",59.4,"325,675",7.3
350,24207,35,New Mexico,2014,1,"1,603,597","929,249",57.9,"866,039",54,"63,210",6.8
351,24208,36,New York,2014,1,"15,671,846","9,568,507",61.1,"8,903,251",56.8,"665,256",7
352,24209,51000,New York city,2014,1,"6,757,534","4,080,570",60.4,"3,755,435",55.6,"325,135",8
353,24210,37,North Carolina,2014,1,"7,645,380","4,674,182",61.1,"4,375,293",57.2,"298,889",6.4
354,24211,38,North Dakota,2014,1,"565,280","403,489",71.4,"392,552",69.4,"10,937",2.7
355,24212,39,Ohio,2014,1,"9,081,389","5,693,500",62.7,"5,316,915",58.5,"376,585",6.6
356,24213,40,Oklahoma,2014,1,"2,934,523","1,794,313",61.1,"1,707,122",58.2,"87,191",4.9
357,24214,41,Oregon,2014,1,"3,145,835","1,932,624",61.4,"1,794,235",57,"138,389",7.2
358,24215,42,Pennsylvania,2014,1,"10,195,861","6,388,276",62.7,"5,974,041",58.6,"414,235",6.5
359,24216,44,Rhode Island,2014,1,"852,451","556,711",65.3,"507,010",59.5,"49,701",8.9
360,24217,45,South Carolina,2014,1,"3,733,037","2,195,170",58.8,"2,060,182",55.2,"134,988",6.1
361,24218,46,South Dakota,2014,1,"641,657","448,617",69.9,"433,108",67.5,"15,509",3.5
362,24219,47,Tennessee,2014,1,"5,089,069","3,046,560",59.9,"2,834,891",55.7,"211,669",6.9
363,24220,48,Texas,2014,1,"19,899,461","12,926,206",65,"12,188,294",61.2,"737,912",5.7
364,24221,49,Utah,2014,1,"2,082,531","1,402,644",67.4,"1,349,185",64.8,"53,459",3.8
365,24222,50,Vermont,2014,1,"513,280","348,806",68,"334,528",65.2,"14,278",4.1
366,24223,51,Virginia,2014,1,"6,415,418","4,256,299",66.3,"4,028,612",62.8,"227,687",5.3
367,24224,53,Washington,2014,1,"5,483,240","3,471,141",63.3,"3,255,449",59.4,"215,692",6.2
368,24225,54,West Virginia,2014,1,"1,486,189","797,557",53.7,"743,740",50,"53,817",6.7
369,24226,55,Wisconsin,2014,1,"4,517,494","3,071,739",68,"2,887,465",63.9,"184,274",6
370,24227,56,Wyoming,2014,1,"449,367","302,308",67.3,"288,675",64.2,"13,633",4.5
371,24811,1,Alabama,2015,1,"3,792,717","2,166,771",57.1,"2,034,786",53.6,"131,985",6.1
372,24812,2,Alaska,2015,1,"541,541","363,226",67.1,"340,538",62.9,"22,688",6.2
373,24813,4,Arizona,2015,1,"5,231,632","3,162,393",60.4,"2,961,081",56.6,"201,312",6.4
374,24814,5,Arkansas,2015,1,"2,293,962","1,336,169",58.2,"1,263,086",55.1,"73,083",5.5
375,24815,6,California,2015,1,"30,147,095","18,794,302",62.3,"17,513,360",58.1,"1,280,942",6.8
376,24816,37,Los Angeles County,2015,1,"7,970,565","5,002,865",62.8,"4,624,204",58,"378,661",7.6
377,24817,8,Colorado,2015,1,"4,191,682","2,812,740",67.1,"2,696,305",64.3,"116,435",4.1
378,24818,9,Connecticut,2015,1,"2,871,234","1,901,701",66.2,"1,788,370",62.3,"113,331",6
379,24819,10,Delaware,2015,1,"742,189","458,168",61.7,"435,330",58.7,"22,838",5
380,24820,11,District of Columbia,2015,1,"553,084","385,655",69.7,"357,301",64.6,"28,354",7.4
381,24821,12,Florida,2015,1,"16,119,608","9,588,873",59.5,"9,024,705",56,"564,168",5.9
382,24822,13,Georgia,2015,1,"7,711,426","4,737,642",61.4,"4,431,983",57.5,"305,659",6.5
383,24823,15,Hawaii,2015,1,"1,083,804","667,875",61.6,"642,329",59.3,"25,546",3.8
384,24824,16,Idaho,2015,1,"1,236,985","785,010",63.5,"754,789",61,"30,221",3.8
385,24825,17,Illinois,2015,1,"10,054,926","6,487,628",64.5,"6,091,476",60.6,"396,152",6.1
386,24826,18,Indiana,2015,1,"5,107,398","3,243,609",63.5,"3,069,876",60.1,"173,733",5.4
387,24827,19,Iowa,2015,1,"2,427,052","1,704,798",70.2,"1,638,800",67.5,"65,998",3.9
388,24828,20,Kansas,2015,1,"2,200,557","1,494,068",67.9,"1,429,606",65,"64,462",4.3
389,24829,21,Kentucky,2015,1,"3,436,806","1,981,477",57.7,"1,875,886",54.6,"105,591",5.3
390,24830,22,Louisiana,2015,1,"3,559,303","2,172,224",61,"2,025,344",56.9,"146,880",6.8
391,24831,23,Maine,2015,1,"1,090,698","693,272",63.6,"659,092",60.4,"34,180",4.9
392,24832,24,Maryland,2015,1,"4,687,116","3,134,640",66.9,"2,966,550",63.3,"168,090",5.4
393,24833,25,Massachusetts,2015,1,"5,487,464","3,602,272",65.6,"3,416,690",62.3,"185,582",5.2
394,24834,26,Michigan,2015,1,"7,874,799","4,751,121",60.3,"4,465,483",56.7,"285,638",6
395,24835,27,Minnesota,2015,1,"4,269,426","2,992,386",70.1,"2,877,365",67.4,"115,021",3.8
396,24836,28,Mississippi,2015,1,"2,276,579","1,247,332",54.8,"1,162,332",51.1,"85,000",6.8
397,24837,29,Missouri,2015,1,"4,726,122","3,052,395",64.6,"2,880,669",61,"171,726",5.6
398,24838,30,Montana,2015,1,"811,282","515,033",63.5,"492,735",60.7,"22,298",4.3
399,24839,31,Nebraska,2015,1,"1,436,792","1,010,079",70.3,"980,427",68.2,"29,652",2.9
400,24840,32,Nevada,2015,1,"2,215,425","1,390,075",62.7,"1,287,564",58.1,"102,511",7.4
401,24841,33,New Hampshire,2015,1,"1,086,992","748,374",68.8,"719,581",66.2,"28,793",3.8
402,24842,34,New Jersey,2015,1,"7,006,171","4,506,245",64.3,"4,221,064",60.2,"285,181",6.3
403,24843,35,New Mexico,2015,1,"1,608,330","937,449",58.3,"876,798",54.5,"60,651",6.5
404,24844,36,New York,2015,1,"15,711,712","9,524,954",60.6,"8,982,601",57.2,"542,353",5.7
405,24845,51000,New York city,2015,1,"6,788,517","4,102,656",60.4,"3,847,113",56.7,"255,543",6.2
406,24846,37,North Carolina,2015,1,"7,744,793","4,728,780",61.1,"4,459,141",57.6,"269,639",5.7
407,24847,38,North Dakota,2015,1,"576,481","413,890",71.8,"403,094",69.9,"10,796",2.6
408,24848,39,Ohio,2015,1,"9,115,824","5,725,314",62.8,"5,428,302",59.5,"297,012",5.2
409,24849,40,Oklahoma,2015,1,"2,960,645","1,819,030",61.4,"1,745,819",59,"73,211",4
410,24850,41,Oregon,2015,1,"3,190,400","1,959,718",61.4,"1,845,083",57.8,"114,635",5.8
411,24851,42,Pennsylvania,2015,1,"10,215,735","6,399,411",62.6,"6,046,534",59.2,"352,877",5.5
412,24852,44,Rhode Island,2015,1,"855,143","557,431",65.2,"520,872",60.9,"36,559",6.6
413,24853,45,South Carolina,2015,1,"3,793,411","2,257,193",59.5,"2,112,314",55.7,"144,879",6.4
414,24854,46,South Dakota,2015,1,"646,230","452,732",70.1,"438,302",67.8,"14,430",3.2
415,24855,47,Tennessee,2015,1,"5,136,969","3,056,389",59.5,"2,869,136",55.9,"187,253",6.1
416,24856,48,Texas,2015,1,"20,320,317","13,045,727",64.2,"12,451,402",61.3,"594,325",4.6
417,24857,49,Utah,2015,1,"2,120,965","1,435,490",67.7,"1,384,452",65.3,"51,038",3.6
418,24858,50,Vermont,2015,1,"514,435","348,721",67.8,"335,527",65.2,"13,194",3.8
419,24859,51,Virginia,2015,1,"6,472,206","4,242,711",65.6,"4,040,145",62.4,"202,566",4.8
420,24860,53,Washington,2015,1,"5,574,083","3,528,211",63.3,"3,331,515",59.8,"196,696",5.6
421,24861,54,West Virginia,2015,1,"1,483,060","793,820",53.5,"742,884",50.1,"50,936",6.4
422,24862,55,Wisconsin,2015,1,"4,538,023","3,082,864",67.9,"2,937,399",64.7,"145,465",4.7
423,24863,56,Wyoming,2015,1,"450,619","302,350",67.1,"290,427",64.5,"11,923",3.9
424,25447,1,Alabama,2016,1,"3,808,871","2,138,981",56.2,"2,009,234",52.8,"129,747",6.1
425,25448,2,Alaska,2016,1,"545,180","361,853",66.4,"338,581",62.1,"23,272",6.4
426,25449,4,Arizona,2016,1,"5,334,647","3,220,542",60.4,"3,037,144",56.9,"183,398",5.7
427,25450,5,Arkansas,2016,1,"2,306,098","1,344,484",58.3,"1,288,132",55.9,"56,352",4.2
428,25451,6,California,2016,1,"30,446,733","18,917,326",62.1,"17,843,140",58.6,"1,074,186",5.7
429,25452,37,Los Angeles County,2016,1,"8,020,680","4,974,853",62,"4,694,698",58.5,"280,155",5.6
430,25453,8,Colorado,2016,1,"4,283,491","2,862,652",66.8,"2,767,788",64.6,"94,864",3.3
431,25454,9,Connecticut,2016,1,"2,873,756","1,885,910",65.6,"1,787,016",62.2,"98,894",5.2
432,25455,10,Delaware,2016,1,"750,671","468,654",62.4,"447,512",59.6,"21,142",4.5
433,25456,11,District of Columbia,2016,1,"561,777","392,658",69.9,"367,573",65.4,"25,085",6.4
434,25457,12,Florida,2016,1,"16,458,012","9,746,916",59.2,"9,252,093",56.2,"494,823",5.1
435,25458,13,Georgia,2016,1,"7,828,808","4,752,310",60.7,"4,481,522",57.2,"270,788",5.7
436,25459,15,Hawaii,2016,1,"1,091,566","675,700",61.9,"655,187",60,"20,513",3
437,25460,16,Idaho,2016,1,"1,260,815","805,322",63.9,"774,854",61.5,"30,468",3.8
438,25461,17,Illinois,2016,1,"10,050,720","6,579,309",65.5,"6,171,894",61.4,"407,415",6.2
439,25462,18,Indiana,2016,1,"5,133,138","3,324,395",64.8,"3,170,641",61.8,"153,754",4.6
440,25463,19,Iowa,2016,1,"2,437,374","1,708,738",70.1,"1,646,660",67.6,"62,078",3.6
441,25464,20,Kansas,2016,1,"2,210,492","1,497,864",67.8,"1,438,842",65.1,"59,022",3.9
442,25465,21,Kentucky,2016,1,"3,452,439","1,996,889",57.8,"1,893,069",54.8,"103,820",5.2
443,25466,22,Louisiana,2016,1,"3,578,098","2,134,557",59.7,"2,005,777",56.1,"128,780",6
444,25467,23,Maine,2016,1,"1,092,946","687,907",62.9,"660,486",60.4,"27,421",4
445,25468,24,Maryland,2016,1,"4,707,890","3,145,817",66.8,"3,004,440",63.8,"141,377",4.5
446,25469,25,Massachusetts,2016,1,"5,525,824","3,594,084",65,"3,436,899",62.2,"157,185",4.4
447,25470,26,Michigan,2016,1,"7,900,971","4,808,822",60.9,"4,571,961",57.9,"236,861",4.9
448,25471,27,Minnesota,2016,1,"4,301,291","3,022,956",70.3,"2,908,419",67.6,"114,537",3.8
449,25472,28,Mississippi,2016,1,"2,282,454","1,271,520",55.7,"1,191,631",52.2,"79,889",6.3
450,25473,29,Missouri,2016,1,"4,746,243","3,068,547",64.7,"2,931,518",61.8,"137,029",4.5
451,25474,30,Montana,2016,1,"819,668","521,545",63.6,"498,852",60.9,"22,693",4.4
452,25475,31,Nebraska,2016,1,"1,447,160","1,018,062",70.3,"987,626",68.2,"30,436",3
453,25476,32,Nevada,2016,1,"2,259,069","1,405,588",62.2,"1,317,857",58.3,"87,731",6.2
454,25477,33,New Hampshire,2016,1,"1,093,720","749,043",68.5,"727,313",66.5,"21,730",2.9
455,25478,34,New Jersey,2016,1,"7,021,689","4,497,590",64.1,"4,273,085",60.9,"224,505",5
456,25479,35,New Mexico,2016,1,"1,614,852","940,030",58.2,"878,770",54.4,"61,260",6.5
457,25480,36,New York,2016,1,"15,726,323","9,554,664",60.8,"9,092,379",57.8,"462,285",4.8
458,25481,51000,New York city,2016,1,"6,807,392","4,083,880",60,"3,871,169",56.9,"212,711",5.2
459,25482,37,North Carolina,2016,1,"7,857,596","4,810,316",61.2,"4,555,925",58,"254,391",5.3
460,25483,38,North Dakota,2016,1,"581,531","411,466",70.8,"398,799",68.6,"12,667",3.1
461,25484,39,Ohio,2016,1,"9,143,345","5,743,731",62.8,"5,457,717",59.7,"286,014",5
462,25485,40,Oklahoma,2016,1,"2,982,968","1,832,930",61.4,"1,751,007",58.7,"81,923",4.5
463,25486,41,Oregon,2016,1,"3,249,240","2,020,991",62.2,"1,921,114",59.1,"99,877",4.9
464,25487,42,Pennsylvania,2016,1,"10,225,383","6,467,536",63.2,"6,126,634",59.9,"340,902",5.3
465,25488,44,Rhode Island,2016,1,"857,229","552,571",64.5,"521,873",60.9,"30,698",5.6
466,25489,45,South Carolina,2016,1,"3,858,504","2,285,355",59.2,"2,163,254",56.1,"122,101",5.3
467,25490,46,South Dakota,2016,1,"651,545","454,613",69.8,"441,752",67.8,"12,861",2.8
468,25491,47,Tennessee,2016,1,"5,188,358","3,105,686",59.9,"2,957,506",57,"148,180",4.8
469,25492,48,Texas,2016,1,"20,729,955","13,224,910",63.8,"12,635,778",61,"589,132",4.5
470,25493,49,Utah,2016,1,"2,168,291","1,478,801",68.2,"1,426,877",65.8,"51,924",3.5
471,25494,50,Vermont,2016,1,"515,143","345,245",67,"334,036",64.8,"11,209",3.2
472,25495,51,Virginia,2016,1,"6,523,006","4,232,843",64.9,"4,065,106",62.3,"167,737",4
473,25496,53,Washington,2016,1,"5,679,860","3,610,474",63.6,"3,415,138",60.1,"195,336",5.4
474,25497,54,West Virginia,2016,1,"1,477,257","789,352",53.4,"739,186",50,"50,166",6.4
475,25498,55,Wisconsin,2016,1,"4,556,269","3,105,263",68.2,"2,977,051",65.3,"128,212",4.1
476,25499,56,Wyoming,2016,1,"451,394","301,853",66.9,"286,696",63.5,"15,157",5
477,26083,1,Alabama,2017,1,"3,827,336","2,169,189",56.7,"2,050,155",53.6,"119,034",5.5
478,26084,2,Alaska,2017,1,"547,623","362,577",66.2,"338,607",61.8,"23,970",6.6
479,26085,4,Arizona,2017,1,"5,443,325","3,293,551",60.5,"3,121,383",57.3,"172,168",5.2
480,26086,5,Arkansas,2017,1,"2,319,332","1,343,005",57.9,"1,292,124",55.7,"50,881",3.8
481,26087,6,California,2017,1,"30,706,378","19,104,295",62.2,"18,099,840",58.9,"1,004,455",5.3
482,26088,37,Los Angeles County,2017,1,"8,054,146","5,060,326",62.8,"4,802,414",59.6,"257,912",5.1
483,26089,8,Colorado,2017,1,"4,365,315","2,929,729",67.1,"2,852,981",65.4,"76,748",2.6
484,26090,9,Connecticut,2017,1,"2,877,354","1,906,632",66.3,"1,819,374",63.2,"87,258",4.6
485,26091,10,Delaware,2017,1,"758,922","471,348",62.1,"449,362",59.2,"21,986",4.7
486,26092,11,District of Columbia,2017,1,"569,059","399,527",70.2,"374,510",65.8,"25,017",6.3
487,26093,12,Florida,2017,1,"16,799,082","9,959,680",59.3,"9,495,705",56.5,"463,975",4.7
488,26094,13,Georgia,2017,1,"7,948,388","5,072,698",63.8,"4,807,043",60.5,"265,655",5.2
489,26095,15,Hawaii,2017,1,"1,095,136","682,762",62.3,"665,044",60.7,"17,718",2.6
490,26096,16,Idaho,2017,1,"1,291,268","821,939",63.7,"793,663",61.5,"28,276",3.4
491,26097,17,Illinois,2017,1,"10,046,909","6,496,269",64.7,"6,153,055",61.2,"343,214",5.3
492,26098,18,Indiana,2017,1,"5,164,740","3,315,526",64.2,"3,188,666",61.7,"126,860",3.8
493,26099,19,Iowa,2017,1,"2,448,593","1,687,324",68.9,"1,630,667",66.6,"56,657",3.4
494,26100,20,Kansas,2017,1,"2,216,729","1,484,359",67,"1,426,926",64.4,"57,433",3.9
495,26101,21,Kentucky,2017,1,"3,469,500","2,040,998",58.8,"1,937,727",55.9,"103,271",5.1
496,26102,22,Louisiana,2017,1,"3,586,792","2,106,911",58.7,"1,984,300",55.3,"122,611",5.8
497,26103,23,Maine,2017,1,"1,097,564","698,709",63.7,"674,366",61.4,"24,343",3.5
498,26104,24,Maryland,2017,1,"4,727,477","3,183,120",67.3,"3,050,617",64.5,"132,503",4.2
499,26105,25,Massachusetts,2017,1,"5,567,147","3,650,057",65.6,"3,509,430",63,"140,627",3.9
500,26106,26,Michigan,2017,1,"7,938,921","4,874,232",61.4,"4,637,189",58.4,"237,043",4.9
501,26107,27,Minnesota,2017,1,"4,340,091","3,034,846",69.9,"2,919,266",67.3,"115,580",3.8
502,26108,28,Mississippi,2017,1,"2,288,902","1,276,109",55.8,"1,204,436",52.6,"71,673",5.6
503,26109,29,Missouri,2017,1,"4,768,305","3,060,674",64.2,"2,932,864",61.5,"127,810",4.2
504,26110,30,Montana,2017,1,"829,814","522,736",63,"500,829",60.4,"21,907",4.2
505,26111,31,Nebraska,2017,1,"1,458,153","1,012,343",69.4,"981,325",67.3,"31,018",3.1
506,26112,32,Nevada,2017,1,"2,305,093","1,429,587",62,"1,353,517",58.7,"76,070",5.3
507,26113,33,New Hampshire,2017,1,"1,102,750","753,063",68.3,"731,223",66.3,"21,840",2.9
508,26114,34,New Jersey,2017,1,"7,043,776","4,480,899",63.6,"4,273,548",60.7,"207,351",4.6
509,26115,35,New Mexico,2017,1,"1,621,680","946,539",58.4,"882,689",54.4,"63,850",6.7
510,26116,36,New York,2017,1,"15,730,057","9,522,329",60.5,"9,072,158",57.7,"450,171",4.7
511,26117,51000,New York city,2017,1,"6,804,971","4,108,514",60.4,"3,915,004",57.5,"193,510",4.7
512,26118,37,North Carolina,2017,1,"7,978,838","4,888,542",61.3,"4,649,921",58.3,"238,621",4.9
513,26119,38,North Dakota,2017,1,"580,872","411,214",70.8,"399,399",68.8,"11,815",2.9
514,26120,39,Ohio,2017,1,"9,178,815","5,776,773",62.9,"5,473,846",59.6,"302,927",5.2
515,26121,40,Oklahoma,2017,1,"2,996,974","1,821,261",60.8,"1,741,505",58.1,"79,756",4.4
516,26122,41,Oregon,2017,1,"3,310,911","2,056,713",62.1,"1,971,741",59.6,"84,972",4.1
517,26123,42,Pennsylvania,2017,1,"10,243,590","6,428,773",62.8,"6,097,160",59.5,"331,613",5.2
518,26124,44,Rhode Island,2017,1,"859,091","554,835",64.6,"529,068",61.6,"25,767",4.6
519,26125,45,South Carolina,2017,1,"3,922,849","2,287,657",58.3,"2,187,576",55.8,"100,081",4.4
520,26126,46,South Dakota,2017,1,"658,924","455,241",69.1,"440,814",66.9,"14,427",3.2
521,26127,47,Tennessee,2017,1,"5,246,270","3,163,878",60.3,"3,018,945",57.5,"144,933",4.6
522,26128,48,Texas,2017,1,"21,104,864","13,475,517",63.9,"12,831,319",60.8,"644,198",4.8
523,26129,49,Utah,2017,1,"2,223,546","1,525,486",68.6,"1,476,505",66.4,"48,981",3.2
524,26130,50,Vermont,2017,1,"516,063","346,696",67.2,"335,767",65.1,"10,929",3.2
525,26131,51,Virginia,2017,1,"6,574,870","4,299,497",65.4,"4,127,652",62.8,"171,845",4
526,26132,53,Washington,2017,1,"5,795,156","3,682,399",63.5,"3,507,480",60.5,"174,919",4.8
527,26133,54,West Virginia,2017,1,"1,469,450","781,285",53.2,"738,863",50.3,"42,422",5.4
528,26134,55,Wisconsin,2017,1,"4,579,412","3,109,927",67.9,"2,999,980",65.5,"109,947",3.5
529,26135,56,Wyoming,2017,1,"449,900","297,484",66.1,"283,090",62.9,"14,394",4.8
530,26719,1,Alabama,2018,1,"3,842,844","2,182,961",56.8,"2,096,016",54.5,"86,945",4
531,26720,2,Alaska,2018,1,"547,313","357,976",65.4,"335,376",61.3,"22,600",6.3
532,26721,4,Arizona,2018,1,"5,551,621","3,371,802",60.7,"3,208,269",57.8,"163,533",4.9
533,26722,5,Arkansas,2018,1,"2,330,250","1,348,493",57.9,"1,297,465",55.7,"51,028",3.8
534,26723,6,California,2018,1,"30,890,810","19,186,939",62.1,"18,340,530",59.4,"846,409",4.4
535,26724,37,Los Angeles County,2018,1,"8,066,157","5,090,817",63.1,"4,852,520",60.2,"238,297",4.7
536,26725,8,Colorado,2018,1,"4,441,224","3,032,602",68.3,"2,945,476",66.3,"87,126",2.9
537,26726,9,Connecticut,2018,1,"2,882,546","1,891,941",65.6,"1,812,205",62.9,"79,736",4.2
538,26727,10,Delaware,2018,1,"767,213","478,737",62.4,"458,994",59.8,"19,743",4.1
539,26728,11,District of Columbia,2018,1,"575,084","406,457",70.7,"382,600",66.5,"23,857",5.9
540,26729,12,Florida,2018,1,"17,083,177","10,094,868",59.1,"9,698,758",56.8,"396,110",3.9
541,26730,13,Georgia,2018,1,"8,051,351","5,120,617",63.6,"4,898,384",60.8,"222,233",4.3
542,26731,15,Hawaii,2018,1,"1,094,930","675,532",61.7,"661,678",60.4,"13,854",2.1
543,26732,16,Idaho,2018,1,"1,321,923","846,096",64,"821,038",62.1,"25,058",3
544,26733,17,Illinois,2018,1,"10,030,718","6,474,645",64.5,"6,180,172",61.6,"294,473",4.5
545,26734,18,Indiana,2018,1,"5,195,245","3,343,628",64.4,"3,234,462",62.3,"109,166",3.3
546,26735,19,Iowa,2018,1,"2,457,002","1,686,760",68.7,"1,639,603",66.7,"47,157",2.8
547,26736,20,Kansas,2018,1,"2,220,190","1,478,888",66.6,"1,428,440",64.3,"50,448",3.4
548,26737,21,Kentucky,2018,1,"3,482,222","2,047,270",58.8,"1,960,528",56.3,"86,742",4.2
549,26738,22,Louisiana,2018,1,"3,585,241","2,110,256",58.9,"2,011,412",56.1,"98,844",4.7
550,26739,23,Maine,2018,1,"1,102,745","696,715",63.2,"675,727",61.3,"20,988",3
551,26740,24,Maryland,2018,1,"4,746,158","3,204,969",67.5,"3,074,606",64.8,"130,363",4.1
552,26741,25,Massachusetts,2018,1,"5,602,485","3,719,210",66.4,"3,582,134",63.9,"137,076",3.7
553,26742,26,Michigan,2018,1,"7,968,173","4,899,799",61.5,"4,677,844",58.7,"221,955",4.5
554,26743,27,Minnesota,2018,1,"4,376,667","3,052,881",69.8,"2,957,004",67.6,"95,877",3.1
555,26744,28,Mississippi,2018,1,"2,288,841","1,269,247",55.5,"1,206,837",52.7,"62,410",4.9
556,26745,29,Missouri,2018,1,"4,786,436","3,047,945",63.7,"2,942,676",61.5,"105,269",3.5
557,26746,30,Montana,2018,1,"839,190","526,475",62.7,"505,573",60.2,"20,902",4
558,26747,31,Nebraska,2018,1,"1,467,060","1,020,119",69.5,"990,360",67.5,"29,759",2.9
559,26748,32,Nevada,2018,1,"2,354,665","1,478,950",62.8,"1,409,064",59.8,"69,886",4.7
560,26749,33,New Hampshire,2018,1,"1,110,603","757,903",68.2,"736,907",66.4,"20,996",2.8
561,26750,34,New Jersey,2018,1,"7,060,565","4,451,613",63,"4,254,374",60.3,"197,239",4.4
562,26751,35,New Mexico,2018,1,"1,627,980","943,120",57.9,"893,819",54.9,"49,301",5.2
563,26752,36,New York,2018,1,"15,713,694","9,507,439",60.5,"9,079,411",57.8,"428,028",4.5
564,26753,51000,New York city,2018,1,"6,784,109","4,089,451",60.3,"3,914,143",57.7,"175,308",4.3
565,26754,37,North Carolina,2018,1,"8,094,284","4,954,854",61.2,"4,743,584",58.6,"211,270",4.3
566,26755,38,North Dakota,2018,1,"581,266","408,575",70.3,"397,776",68.4,"10,799",2.6
567,26756,39,Ohio,2018,1,"9,208,200","5,773,937",62.7,"5,512,010",59.9,"261,927",4.5
568,26757,40,Oklahoma,2018,1,"3,006,598","1,840,123",61.2,"1,772,069",58.9,"68,054",3.7
569,26758,41,Oregon,2018,1,"3,355,813","2,086,480",62.2,"2,001,475",59.6,"85,005",4.1
570,26759,42,Pennsylvania,2018,1,"10,261,172","6,399,720",62.4,"6,094,610",59.4,"305,110",4.8
571,26760,44,Rhode Island,2018,1,"860,986","557,255",64.7,"532,315",61.8,"24,940",4.5
572,26761,45,South Carolina,2018,1,"3,981,190","2,299,358",57.8,"2,209,884",55.5,"89,474",3.9
573,26762,46,South Dakota,2018,1,"665,115","457,442",68.8,"443,568",66.7,"13,874",3
574,26763,47,Tennessee,2018,1,"5,303,405","3,214,031",60.6,"3,102,578",58.5,"111,453",3.5
575,26764,48,Texas,2018,1,"21,434,170","13,693,123",63.9,"13,138,321",61.3,"554,802",4.1
576,26765,49,Utah,2018,1,"2,275,847","1,559,995",68.5,"1,512,589",66.5,"47,406",3
577,26766,50,Vermont,2018,1,"517,147","347,008",67.1,"336,691",65.1,"10,317",3
578,26767,51,Virginia,2018,1,"6,622,634","4,345,082",65.6,"4,204,892",63.5,"140,190",3.2
579,26768,53,Washington,2018,1,"5,896,573","3,766,857",63.9,"3,597,102",61,"169,755",4.5
580,26769,54,West Virginia,2018,1,"1,460,033","787,748",54,"744,917",51,"42,831",5.4
581,26770,55,Wisconsin,2018,1,"4,601,689","3,115,813",67.7,"3,023,388",65.7,"92,425",3
582,26771,56,Wyoming,2018,1,"448,752","294,468",65.6,"282,098",62.9,"12,370",4.2
583,27355,1,Alabama,2019,1,"3,858,512","2,229,899",57.8,"2,149,188",55.7,"80,711",3.6
584,27356,2,Alaska,2019,1,"546,579","354,226",64.8,"333,822",61.1,"20,404",5.8
585,27357,4,Arizona,2019,1,"5,670,393","3,497,563",61.7,"3,321,318",58.6,"176,245",5
586,27358,5,Arkansas,2019,1,"2,340,710","1,362,495",58.2,"1,313,091",56.1,"49,404",3.6
587,27359,6,California,2019,1,"31,012,788","19,334,306",62.3,"18,501,317",59.7,"832,989",4.3
588,27360,37,Los Angeles County,2019,1,"8,057,333","5,096,740",63.3,"4,857,495",60.3,"239,245",4.7
589,27361,8,Colorado,2019,1,"4,516,317","3,104,049",68.7,"3,011,353",66.7,"92,696",3
590,27362,9,Connecticut,2019,1,"2,885,407","1,915,116",66.4,"1,844,065",63.9,"71,051",3.7
591,27363,10,Delaware,2019,1,"776,420","484,604",62.4,"467,642",60.2,"16,962",3.5
592,27364,11,District of Columbia,2019,1,"579,320","410,815",70.9,"386,787",66.8,"24,028",5.8
593,27365,12,Florida,2019,1,"17,320,950","10,240,878",59.1,"9,884,007",57.1,"356,871",3.5
594,27366,13,Georgia,2019,1,"8,156,579","5,119,814",62.8,"4,921,294",60.3,"198,520",3.9
595,27367,15,Hawaii,2019,1,"1,092,891","669,216",61.2,"650,983",59.6,"18,233",2.7
596,27368,16,Idaho,2019,1,"1,354,143","867,880",64.1,"842,597",62.2,"25,283",2.9
597,27369,17,Illinois,2019,1,"10,009,039","6,481,193",64.8,"6,188,462",61.8,"292,731",4.5
598,27370,18,Indiana,2019,1,"5,228,912","3,389,065",64.8,"3,272,106",62.6,"116,959",3.5
599,27371,19,Iowa,2019,1,"2,466,434","1,720,862",69.8,"1,674,943",67.9,"45,919",2.7
600,27372,20,Kansas,2019,1,"2,225,406","1,488,175",66.9,"1,439,031",64.7,"49,144",3.3
601,27373,21,Kentucky,2019,1,"3,492,386","2,056,192",58.9,"1,970,166",56.4,"86,026",4.2
602,27374,22,Louisiana,2019,1,"3,584,760","2,109,231",58.8,"2,010,280",56.1,"98,951",4.7
603,27375,23,Maine,2019,1,"1,108,679","696,627",62.8,"675,932",61,"20,695",3
604,27376,24,Maryland,2019,1,"4,760,866","3,240,729",68.1,"3,121,909",65.6,"118,820",3.7
605,27377,25,Massachusetts,2019,1,"5,627,960","3,784,356",67.2,"3,661,520",65.1,"122,836",3.2
606,27378,26,Michigan,2019,1,"7,986,297","4,943,420",61.9,"4,735,037",59.3,"208,383",4.2
607,27379,27,Minnesota,2019,1,"4,410,297","3,073,895",69.7,"2,974,372",67.4,"99,523",3.2
608,27380,28,Mississippi,2019,1,"2,287,007","1,272,778",55.7,"1,203,954",52.6,"68,824",5.4
609,27381,29,Missouri,2019,1,"4,804,992","3,061,111",63.7,"2,963,576",61.7,"97,535",3.2
610,27382,30,Montana,2019,1,"847,596","533,342",62.9,"513,765",60.6,"19,577",3.7
611,27383,31,Nebraska,2019,1,"1,475,406","1,035,771",70.2,"1,004,580",68.1,"31,191",3
612,27384,32,Nevada,2019,1,"2,408,437","1,538,037",63.9,"1,473,244",61.2,"64,793",4.2
613,27385,33,New Hampshire,2019,1,"1,118,346","769,605",68.8,"749,422",67,"20,183",2.6
614,27386,34,New Jersey,2019,1,"7,070,860","4,475,446",63.3,"4,316,419",61,"159,027",3.6
615,27387,35,New Mexico,2019,1,"1,636,932","955,496",58.4,"906,060",55.4,"49,436",5.2
616,27388,36,New York,2019,1,"15,683,812","9,516,504",60.7,"9,138,251",58.3,"378,253",4
617,27389,51000,New York city,2019,1,"6,754,744","4,074,149",60.3,"3,901,266",57.8,"172,883",4.2
618,27390,37,North Carolina,2019,1,"8,205,684","5,037,188",61.4,"4,834,872",58.9,"202,316",4
619,27391,38,North Dakota,2019,1,"582,907","408,772",70.1,"399,177",68.5,"9,595",2.3
620,27392,39,Ohio,2019,1,"9,232,906","5,821,680",63.1,"5,569,078",60.3,"252,602",4.3
621,27393,40,Oklahoma,2019,1,"3,022,283","1,837,515",60.8,"1,778,982",58.9,"58,533",3.2
622,27394,41,Oregon,2019,1,"3,392,962","2,104,052",62,"2,016,017",59.4,"88,035",4.2
623,27395,42,Pennsylvania,2019,1,"10,273,786","6,471,515",63,"6,190,529",60.3,"280,986",4.3
624,27396,44,Rhode Island,2019,1,"862,811","557,420",64.6,"536,323",62.2,"21,097",3.8
625,27397,45,South Carolina,2019,1,"4,041,071","2,360,357",58.4,"2,284,101",56.5,"76,256",3.2
626,27398,46,South Dakota,2019,1,"671,039","461,221",68.7,"447,577",66.7,"13,644",3
627,27399,47,Tennessee,2019,1,"5,357,263","3,302,421",61.6,"3,189,960",59.5,"112,461",3.4
628,27400,48,Texas,2019,1,"21,770,174","13,925,005",64,"13,405,426",61.6,"519,579",3.7
629,27401,49,Utah,2019,1,"2,326,530","1,590,728",68.4,"1,546,260",66.5,"44,468",2.8
630,27402,50,Vermont,2019,1,"517,878","345,044",66.6,"337,315",65.1,"7,729",2.2
631,27403,51,Virginia,2019,1,"6,664,897","4,392,956",65.9,"4,266,093",64,"126,863",2.9
632,27404,53,Washington,2019,1,"5,983,264","3,869,370",64.7,"3,694,099",61.7,"175,271",4.5
633,27405,54,West Virginia,2019,1,"1,452,650","795,093",54.7,"755,008",52,"40,085",5
634,27406,55,Wisconsin,2019,1,"4,624,157","3,093,213",66.9,"2,997,422",64.8,"95,791",3.1
635,27407,56,Wyoming,2019,1,"450,258","295,087",65.5,"284,091",63.1,"10,996",3.7
636,27991,1,Alabama,2020,1,"3,876,526","2,240,277",57.8,"2,180,872",56.3,"59,405",2.7
637,27992,2,Alaska,2020,1,"546,109","353,349",64.7,"335,692",61.5,"17,657",5
638,27993,4,Arizona,2020,1,"5,802,213","3,581,294",61.7,"3,409,624",58.8,"171,670",4.8
639,27994,5,Arkansas,2020,1,"2,353,674","1,372,291",58.3,"1,322,159",56.2,"50,132",3.7
640,27995,6,California,2020,1,"31,086,836","19,437,115",62.5,"18,613,291",59.9,"823,824",4.2
641,27996,37,Los Angeles County,2020,1,"8,031,759","5,192,929",64.7,"4,942,933",61.5,"249,996",4.8
642,27997,8,Colorado,2020,1,"4,584,112","3,154,544",68.8,"3,070,164",67,"84,380",2.7
643,27998,9,Connecticut,2020,1,"2,885,953","1,921,041",66.6,"1,850,746",64.1,"70,295",3.7
644,27999,10,Delaware,2020,1,"786,721","493,327",62.7,"472,306",60,"21,021",4.3
645,28000,11,District of Columbia,2020,1,"582,696","420,360",72.1,"399,827",68.6,"20,533",4.9
646,28001,12,Florida,2020,1,"17,555,962","10,458,937",59.6,"10,116,910",57.6,"342,027",3.3
647,28002,13,Georgia,2020,1,"8,260,627","5,198,431",62.9,"5,024,604",60.8,"173,827",3.3
648,28003,15,Hawaii,2020,1,"1,089,395","673,017",61.8,"659,237",60.5,"13,780",2
649,28004,16,Idaho,2020,1,"1,390,161","889,944",64,"867,117",62.4,"22,827",2.6
650,28005,17,Illinois,2020,1,"9,983,613","6,370,035",63.8,"6,149,010",61.6,"221,025",3.5
651,28006,18,Indiana,2020,1,"5,262,529","3,372,996",64.1,"3,266,538",62.1,"106,458",3.2
652,28007,19,Iowa,2020,1,"2,477,479","1,734,173",70,"1,684,860",68,"49,313",2.8
653,28008,20,Kansas,2020,1,"2,232,550","1,500,177",67.2,"1,453,029",65.1,"47,148",3.1
654,28009,21,Kentucky,2020,1,"3,504,469","2,081,086",59.4,"1,995,321",56.9,"85,765",4.1
655,28010,22,Louisiana,2020,1,"3,584,646","2,150,907",60,"2,041,637",57,"109,270",5.1
656,28011,23,Maine,2020,1,"1,115,592","699,646",62.7,"678,873",60.9,"20,773",3
657,28012,24,Maryland,2020,1,"4,773,748","3,298,221",69.1,"3,187,160",66.8,"111,061",3.4
658,28013,25,Massachusetts,2020,1,"5,647,161","3,763,790",66.6,"3,657,139",64.8,"106,651",2.8
659,28014,26,Michigan,2020,1,"7,998,157","4,936,707",61.7,"4,753,182",59.4,"183,525",3.7
660,28015,27,Minnesota,2020,1,"4,440,365","3,116,174",70.2,"3,017,331",68,"98,843",3.2
661,28016,28,Mississippi,2020,1,"2,288,349","1,284,171",56.1,"1,211,954",53,"72,217",5.6
662,28017,29,Missouri,2020,1,"4,828,271","3,099,592",64.2,"2,989,051",61.9,"110,541",3.6
663,28018,30,Montana,2020,1,"857,398","542,553",63.3,"522,727",61,"19,826",3.7
664,28019,31,Nebraska,2020,1,"1,484,013","1,044,199",70.4,"1,013,444",68.3,"30,755",2.9
665,28020,32,Nevada,2020,1,"2,460,603","1,597,920",64.9,"1,539,287",62.6,"58,633",3.7
666,28021,33,New Hampshire,2020,1,"1,127,119","773,561",68.6,"753,657",66.9,"19,904",2.6
667,28022,34,New Jersey,2020,1,"7,080,875","4,580,764",64.7,"4,413,361",62.3,"167,403",3.7
668,28023,35,New Mexico,2020,1,"1,648,883","965,005",58.5,"915,559",55.5,"49,446",5.1
669,28024,36,New York,2020,1,"15,629,851","9,518,110",60.9,"9,158,192",58.6,"359,918",3.8
670,28025,51000,New York city,2020,1,"6,705,628","4,071,802",60.7,"3,923,709",58.5,"148,093",3.6
671,28026,37,North Carolina,2020,1,"8,316,381","5,108,053",61.4,"4,928,448",59.3,"179,605",3.5
672,28027,38,North Dakota,2020,1,"584,888","407,647",69.7,"398,499",68.1,"9,148",2.2
673,28028,39,Ohio,2020,1,"9,256,594","5,895,125",63.7,"5,627,571",60.8,"267,554",4.5
674,28029,40,Oklahoma,2020,1,"3,044,378","1,850,300",60.8,"1,793,406",58.9,"56,894",3.1
675,28030,41,Oregon,2020,1,"3,428,283","2,108,977",61.5,"2,037,231",59.4,"71,746",3.4
676,28031,42,Pennsylvania,2020,1,"10,283,103","6,532,104",63.5,"6,216,949",60.5,"315,155",4.8
677,28032,44,Rhode Island,2020,1,"864,092","562,012",65,"540,769",62.6,"21,243",3.8
678,28033,45,South Carolina,2020,1,"4,104,607","2,366,322",57.7,"2,304,184",56.1,"62,138",2.6
679,28034,46,South Dakota,2020,1,"677,767","463,997",68.5,"450,535",66.5,"13,462",2.9
680,28035,47,Tennessee,2020,1,"5,413,972","3,338,446",61.7,"3,214,183",59.4,"124,263",3.7
681,28036,48,Texas,2020,1,"22,136,086","14,178,765",64.1,"13,673,709",61.8,"505,056",3.6
682,28037,49,Utah,2020,1,"2,377,669","1,630,818",68.6,"1,590,908",66.9,"39,910",2.4
683,28038,50,Vermont,2020,1,"518,807","343,628",66.2,"335,164",64.6,"8,464",2.5
684,28039,51,Virginia,2020,1,"6,711,014","4,453,855",66.4,"4,343,866",64.7,"109,989",2.5
685,28040,53,Washington,2020,1,"6,067,267","3,957,004",65.2,"3,799,953",62.6,"157,051",4
686,28041,54,West Virginia,2020,1,"1,447,094","805,300",55.6,"764,995",52.9,"40,305",5
687,28042,55,Wisconsin,2020,1,"4,647,953","3,084,954",66.4,"2,982,788",64.2,"102,166",3.3
688,28043,56,Wyoming,2020,1,"453,129","298,600",65.9,"285,320",63,"13,280",4.4
689,28627,1,Alabama,2021,1,"3,890,500","2,258,073",58,"2,160,347",55.5,"97,726",4.3
690,28628,2,Alaska,2021,1,"544,894","354,957",65.1,"331,374",60.8,"23,583",6.6
691,28629,4,Arizona,2021,1,"5,932,506","3,570,652",60.2,"3,331,280",56.2,"239,372",6.7
692,28630,5,Arkansas,2021,1,"2,365,706","1,375,953",58.2,"1,312,417",55.5,"63,536",4.6
693,28631,6,California,2021,1,"31,093,847","18,668,972",60,"16,988,845",54.6,"1,680,127",9
694,28632,37,Los Angeles County,2021,1,"7,995,220","4,877,297",61,"4,264,128",53.3,"613,169",12.6
695,28633,8,Colorado,2021,1,"4,642,794","3,183,214",68.6,"2,972,258",64,"210,956",6.6
696,28634,9,Connecticut,2021,1,"2,880,415","1,839,774",63.9,"1,690,533",58.7,"149,241",8.1
697,28635,10,Delaware,2021,1,"796,235","487,441",61.2,"457,972",57.5,"29,469",6
698,28636,11,District of Columbia,2021,1,"584,492","409,164",70,"374,799",64.1,"34,365",8.4
699,28637,12,Florida,2021,1,"17,757,100","10,068,788",56.7,"9,587,056",54,"481,732",4.8
700,28638,13,Georgia,2021,1,"8,344,325","5,112,468",61.3,"4,853,894",58.2,"258,574",5.1
701,28639,15,Hawaii,2021,1,"1,083,148","655,039",60.5,"588,061",54.3,"66,978",10.2
702,28640,16,Idaho,2021,1,"1,426,574","900,205",63.1,"869,162",60.9,"31,043",3.4
703,28641,17,Illinois,2021,1,"9,935,021","6,146,616",61.9,"5,673,631",57.1,"472,985",7.7
704,28642,18,Indiana,2021,1,"5,286,270","3,347,732",63.3,"3,206,544",60.7,"141,188",4.2
705,28643,19,Iowa,2021,1,"2,482,022","1,625,122",65.5,"1,567,755",63.2,"57,367",3.5
706,28644,20,Kansas,2021,1,"2,237,486","1,502,433",67.1,"1,450,512",64.8,"51,921",3.5
707,28645,21,Kentucky,2021,1,"3,512,884","1,989,741",56.6,"1,883,307",53.6,"106,434",5.3
708,28646,22,Louisiana,2021,1,"3,578,075","2,083,974",58.2,"1,925,426",53.8,"158,548",7.6
709,28647,23,Maine,2021,1,"1,120,850","671,418",59.9,"636,364",56.8,"35,054",5.2
710,28648,24,Maryland,2021,1,"4,773,686","3,104,901",65,"2,907,611",60.9,"197,290",6.4
711,28649,25,Massachusetts,2021,1,"5,646,187","3,756,697",66.5,"3,461,923",61.3,"294,774",7.8
712,28650,26,Michigan,2021,1,"7,995,094","4,736,277",59.2,"4,465,486",55.9,"270,791",5.7
713,28651,27,Minnesota,2021,1,"4,458,943","3,026,226",67.9,"2,889,955",64.8,"136,271",4.5
714,28652,28,Mississippi,2021,1,"2,286,271","1,279,985",56,"1,197,807",52.4,"82,178",6.4
715,28653,29,Missouri,2021,1,"4,845,259","3,044,856",62.8,"2,914,034",60.1,"130,822",4.3
716,28654,30,Montana,2021,1,"867,082","532,819",61.4,"511,663",59,"21,156",4
717,28655,31,Nebraska,2021,1,"1,490,395","1,024,694",68.8,"992,077",66.6,"32,617",3.2
718,28656,32,Nevada,2021,1,"2,505,533","1,530,200",61.1,"1,405,531",56.1,"124,669",8.1
719,28657,33,New Hampshire,2021,1,"1,133,752","762,943",67.3,"735,791",64.9,"27,152",3.6
720,28658,34,New Jersey,2021,1,"7,073,517","4,407,335",62.3,"4,059,733",57.4,"347,602",7.9
721,28659,35,New Mexico,2021,1,"1,659,311","958,761",57.8,"875,618",52.8,"83,143",8.7
722,28660,36,New York,2021,1,"15,525,350","9,284,186",59.8,"8,467,487",54.5,"816,699",8.8
723,28661,51000,New York city,2021,1,"6,633,202","3,867,286",58.3,"3,378,387",50.9,"488,899",12.6
724,28662,37,North Carolina,2021,1,"8,414,124","5,038,645",59.9,"4,741,046",56.3,"297,599",5.9
725,28663,38,North Dakota,2021,1,"585,942","404,500",69,"386,230",65.9,"18,270",4.5
726,28664,39,Ohio,2021,1,"9,262,261","5,769,606",62.3,"5,462,745",59,"306,861",5.3
727,28665,40,Oklahoma,2021,1,"3,064,511","1,864,367",60.8,"1,783,506",58.2,"80,861",4.3
728,28666,41,Oregon,2021,1,"3,457,167","2,149,501",62.2,"2,017,092",58.3,"132,409",6.2
729,28667,42,Pennsylvania,2021,1,"10,275,393","6,295,363",61.3,"5,837,199",56.8,"458,164",7.3
730,28668,44,Rhode Island,2021,1,"864,204","540,279",62.5,"501,202",58,"39,077",7.2
731,28669,45,South Carolina,2021,1,"4,163,639","2,360,986",56.7,"2,235,303",53.7,"125,683",5.3
732,28670,46,South Dakota,2021,1,"682,691","470,523",68.9,"456,059",66.8,"14,464",3.1
733,28671,47,Tennessee,2021,1,"5,469,230","3,316,943",60.6,"3,146,636",57.5,"170,307",5.1
734,28672,48,Texas,2021,1,"22,474,687","14,063,094",62.6,"13,104,348",58.3,"958,746",6.8
735,28673,49,Utah,2021,1,"2,426,150","1,630,940",67.2,"1,580,869",65.2,"50,071",3.1
736,28674,50,Vermont,2021,1,"518,952","314,630",60.6,"304,517",58.7,"10,113",3.2
737,28675,51,Virginia,2021,1,"6,739,873","4,253,627",63.1,"4,026,343",59.7,"227,284",5.3
738,28676,53,Washington,2021,1,"6,136,163","3,835,228",62.5,"3,606,624",58.8,"228,604",6
739,28677,54,West Virginia,2021,1,"1,440,030","796,344",55.3,"744,810",51.7,"51,534",6.5
740,28678,55,Wisconsin,2021,1,"4,664,495","3,056,452",65.5,"2,939,544",63,"116,908",3.8
741,28679,56,Wyoming,2021,1,"456,106","295,089",64.7,"280,009",61.4,"15,080",5.1
